,nama,harga,deskripsi,detail,link
0,Soekarno Sang Guru Bangsa,"Rp.31,200 ","
Buku ini merangkum segala sepak terjang Soekarno yang merupakan Bapak Pendiri Bangsa Indnoesia. Buku ini menceritakn berbagai perjuangan putra Sang Fajar ini sebagai pejuang hingga menjadi pendiri dan Presiden Republik Indonesia dari tahun 1945-1967.
","{'Kategori': 'Biografi', 'Penyunting': 'Tim Penyunting', 'Ketebalan': '210 halaman', 'Dimensi': '19x13 cm', 'Bahasa': 'bahasa indonesia', 'Stock': 'Tersedia', 'Penerbit': 'C-Klik Media', 'Penulis': 'Anom Whani Wicaksana', 'Berat': '300 gram', 'Product Tags': ' \nanom whani wicaksana\nbuku pengetahuan sosial\nc-klik media\npengetahuan sosial\n\n'}",https://www.solusibuku.com/biografi/soekarno-sang-guru-bangsa.html
1,Mohammad Hatta,"Rp.31,200 ","
Buku ini memuat tentang sepak terjang Muhammad Hatta yang karib kita kenal Bung Hatta. Buku ini memuat perjalanan Bung Hatta saat berjuang bersama pejuang kemerdekaan dalam merebut kemerdekaan hingga beliau memproklamirkan kemerdekaan dan menjadi Wakil Presiden pertama Indonesia pada tahun 1945.
","{'Kategori': 'Biografi', 'Penyunting': 'Tim Penyunting', 'Ketebalan': '202 halaman', 'Dimensi': '19x13 cm', 'Bahasa': 'bahasa indonesia', 'Stock': 'Tersedia', 'Penerbit': 'C-Klik Media', 'Penulis': 'Anim Whani Wicaksana', 'Berat': '300 gram', 'Product Tags': ' \nanim whani wicaksana\nbuku pengetahuan sosial\nc-klik media\npengetahuan sosial\n\n'}",https://www.solusibuku.com/biografi/mohammad-hatta.html
2,Bob Sadino  Kisah Perjuangan & Inspirasi,"Rp.49,600 ","
Seri KISAH, PERJUANGAN & INSPIRASI ini diterbitkan sebagai uapaya untuk menyebarkan semangat dan optimisme, seperti semangat belajar, berbisnis, meniti karir, menaklukan tantangan, dan sebagainya. Harapannya, dapat terbentuk generasi yang optimis, penuh semangat, dan pantang menyerah. Dimulai dari membangun diri sendiri, kelluarga, dan akhirnya bangsa dan negara. Semangat untuk Indonesia.
","{'Kategori': 'Biografi', 'Penyunting': 'Tim Penyunting', 'Ketebalan': '268 halaman', 'Dimensi': '20x14 cm', 'Bahasa': 'bahasa indonesia', 'Stock': 'Tersedia', 'Penerbit': 'Checklist', 'Penulis': 'Punto Ali Fahmi', 'Berat': '600 gram', 'Product Tags': ' \nbuku pengetahuan sosial\nchecklist\npengetahuan sosial\npunto ali fahmi\n\n'}",https://www.solusibuku.com/biografi/bob-sadino-kisah-perjuangan-inspirasi.html
3,BJ Habibie  Kisah Perjuangan & Inspirasi,"Rp.45,600 ","
Seri KISAH, PERJUANGAN & INSPIRASI ini diterbitkan sebagai uapaya untuk menyebarkan semangat dan optimisme, seperti semangat belajar, berbisnis, meniti karir, menaklukan tantangan, dan sebagainya. Harapannya, dapat terbentuk generasi yang optimis, penuh semangat, dan pantang menyerah. Dimulai dari membangun diri sendiri, kelluarga, dan akhirnya bangsa dan negara. Semangat untuk Indonesia.
","{'Kategori': 'Biografi', 'Penyunting': 'Tim Penyunting', 'Ketebalan': '248 halaman', 'Dimensi': '20x14 cm', 'Bahasa': 'bahasa indonesia', 'Stock': 'Tersedia', 'Penerbit': 'Checklist', 'Penulis': 'Weda S Atma', 'Berat': '600 gram', 'Product Tags': ' \nbuku pengetahuan sosial\nchecklist\npengetahuan sosial\nweda s atma\n\n'}",https://www.solusibuku.com/biografi/b-j-habibie-kisah-perjuangan-inspirasi.html
4,KataKata Jack Ma,"Rp.39,200 ","
Buku berisi kutipan dna kata-kata yang sering diucapkan dan dipraktikan oleh Jack MA dalam menjalankan bisnis online terbesar di dunia yakni Alibaba.com. Sebagai seorang pebisnis, Jack Ma memang senang berpikir filosofis. Itu tidak terlepas dari latar belakang kehidupannya yang hidup dalam kemiskinan, namun Jack Ma bisa bangkit dan menekuni apa yang ia senangi yakni perdagangan via online.
","{'Kategori': 'Biografi', 'Penyunting': 'Tim Penyunting', 'Ketebalan': '156 halaman', 'Dimensi': '18x12 cm', 'Bahasa': 'bahasa indonesia', 'Stock': 'Tersedia', 'Penerbit': 'Ecosystem', 'Penulis': 'Aristo Farela', 'Berat': '400 gram', 'Product Tags': ' \naristo farela\nbuku pengembangan diri\necosystem\npengembangan diri\n\n'}",https://www.solusibuku.com/biografi/kata-kata-jack-ma.html
5,Elon Musk The Real Iron Man,"Rp.40,000 ","
Buku ini penting bagi generasi milenial yang selalu menginginkan teknologi baru. Elon Musk dipandang sebagai The Next Steve Jobs yang bisa mengubah peradaban dunia.
","{'Kategori': 'Biografi', 'Penyunting': 'Tim Penyunting', 'Ketebalan': '168 halaman', 'Dimensi': '21x14 cm', 'Bahasa': 'bahasa indonesia', 'Stock': 'Tersedia', 'Penerbit': 'Ecosystem', 'Penulis': 'Ms Anderson', 'Berat': '400 gram', 'Product Tags': ' \nbuku pengetahuan sosial\necosystem\nms anderson\npengetahuan sosial\n\n'}",https://www.solusibuku.com/biografi/elon-musk-the-real-iron-man.html
6,Kurt Cobain,"Rp.55,200 ","
Buku ini adalah kisah lengkap tentang Kurt Kobain, musisi legendaris da sosok yang berpengaruh di dunia. Buku ini memberikan gambaran lengkap dan utuh tentang Kurt Kobain mulai dari Riwayat hidu, karir musik, konflik, intrik, misteri kematian, serta segala hal yang berhubungan dengan pemimpin Band Nirvana tersebut.
","{'Kategori': 'Biografi', 'Penyunting': 'Tim Penyunting', 'Ketebalan': '288 halaman', 'Dimensi': '21x14 cm', 'Bahasa': 'bahasa indonesia', 'Stock': 'Tersedia', 'Penerbit': 'Second Hope', 'Penulis': 'Gilbert Chocky', 'Berat': '600 gram', 'Product Tags': ' \nbuku pengetahuan sosial\ngilbert chocky\npengetahuan sosial\nsecond hope\n\n'}",https://www.solusibuku.com/biografi/kurt-cobain.html
7,Jejak Keteladanan Soekarno,"Rp.45,600 ","
Buku ini mengulas lengkap kehidupan Soekarno.
","{'Kategori': 'Biografi', 'Penyunting': 'Tim Penyunting', 'Ketebalan': '239 halaman', 'Dimensi': '14x20 cm', 'Bahasa': 'bahasa indonesia', 'Stock': 'Tersedia', 'Penerbit': 'Brilliant Books', 'Penulis': 'Sapto M. Wardoyo', 'Berat': '500 gram', 'Product Tags': ' \nbrilliant books\nbuku pengetahuan sosial\npengetahuan sosial\nsapto m wardoyo\n\n'}",https://www.solusibuku.com/biografi/jejak-keteladanan-soekarno.html
8,Gus Dur  Jejak Bijak Sang Guru Bangsa,"Rp.31,200 ","
KH. Abdurrahman Wahid atau yang akrab dengan panggilan Gus Dur lahir dari keluarga kyai di Jombang, Jawa Timur. Ia adalah sosok yang fenomenal. Ia dikenal sebagai tokoh yang langka, unik dan dikagumi oleh banyak kalangan dari dalam maupun luar negeri. Ia tidak hanya dikenal di kalangan NU dan para politikus melainkan juga oleh masyarakat luas. Ia juga dikenal sebagai sosok yang kontroversial lantaran pemikiran-pemikirannya.
","{'Kategori': 'Biografi', 'Penyunting': 'Tim Penyunting', 'Ketebalan': '170 halaman', 'Dimensi': '13x18.5 cm', 'Bahasa': 'bahasa indonesia', 'Stock': 'Tersedia', 'Penerbit': 'C-Klik Media', 'Penulis': 'Anom Whani Wicaksana', 'Berat': '500 gram', 'Product Tags': ' \nanom whani wicaksana\nbuku pengetahuan sosial\nc-klik media\npengetahuan sosial\n\n'}",https://www.solusibuku.com/biografi/gus-dur-jejak-bijak-sang-guru-bangsa.html
9,JatuhBangun Bill Gates,"Rp.43,200 ","
Berisi kisah dan perjalanan hidup Bill Gates sejak ia masih kecil dan bukan siapa-siapa, hingga akhirnya dewasa dan menjadi orang terkaya di dunia. Perjalanannya tidak mulus begitu saja, melainkan mengalami jatuh bangun yang benar-benar menguji mental, termasuk masalah hukum. Bill Gates berhasil melalui hambatannya dan akhirnya berhasil meraih kesuksesan yang luar biasa.
","{'Kategori': 'Biografi', 'Penyunting': 'Tim Penyunting', 'Ketebalan': '200 halaman', 'Dimensi': '14x20.5 cm', 'Bahasa': 'bahasa indonesia', 'Stock': 'Tersedia', 'Penerbit': 'Checklist', 'Penulis': 'Ervina Pitasari', 'Berat': '200 gram', 'Product Tags': ' \nbuku pengetahuan sosial\nchecklist\nervina pitasari\npengetahuan sosial\n\n'}",https://www.solusibuku.com/biografi/jatuh-bangun-bill-gates.html
10,Kisah Perjuangan & Inspirasi Chairul Tanjung,"Rp.43,200 ","
Berisi kisah dan perjalanan hidup Chairul Tanjung sejak ia masih kecil dan bukan siapa-siapa, hingga akhirnya dewasa dan menjadi salah satu orang terkaya di Indonesia. Perjalanannya tidak mulus begitu saja, melainkan mengalami jatuh bangun yang benar-benar menguji mental. Chairul Tanjung berhasil melalui hambatannya dan akhirnya berhasil meraih kesuksesan yang luar biasa.
","{'Kategori': 'Biografi', 'Penyunting': 'Tim Penyunting', 'Ketebalan': '204 halaman', 'Dimensi': '14x20.5 cm', 'Bahasa': 'bahasa indonesia', 'Stock': 'Tersedia', 'Penerbit': 'Checklist', 'Penulis': 'Punto Ali Fahmi', 'Berat': '400 gram', 'Product Tags': ' \nbuku pengetahuan sosial\nchecklist\npengetahuan sosial\npunto ali fahmi\n\n'}",https://www.solusibuku.com/biografi/kisah-perjuangan-inspirasi-chairul-tanjung.html
11,Mohamed Salah  You'Ll Never Got Him,"Rp.68,000 ","
          Salah telah melahirkan tepuk tangan meriah dan trofi untuk dirinya. Bahkan ia membantu Mesir lolos ke Piala Dunia 2018 untuk pertama kalinya sejak 1990. Di luar itu semua, Salah juga punya banyak jasa di luar lapangan sepak bola. Ia adalah sosok yang saleh, pemurah, dan sopan. Tak heran jika ia dijuluki ""Messi dari Mesir"", ""The Pharaoh"", ataupun ""Egyptian King"".        ","{'Kategori': 'Biografi', 'Penyunting': 'Tim Penyunting', 'Ketebalan': '204 halaman', 'Dimensi': '14x21 cm', 'Bahasa': 'bahasa indonesia', 'Stock': 'Tersedia', 'Penerbit': 'Second Hope', 'Penulis': 'Dadi Purnama Eksan', 'Berat': '250 gram', 'Product Tags': ' \nbiografi\nbuku biografi\ndadi purnama eksan\nsecond hope\n\n'}",https://www.solusibuku.com/biografi/mohamed-salah-youll-never-got-him.html
12,Kisah Perjuangan & Inspirasi Susi Pudjiastuti,"Rp.52,800 ","
Buku ini berisi kisah dan perjalanan hidup Susi Pudjiastuti sejak ia masih kecil dan bukan siapa-siapa, hingga akhirnya dewasa dan berhasil meraih kesuksesan sebagai pengusaha. Belakangan, keahliannya di bidang perikanan dan kelautannya menjadikannya seorang Menteri yang cukup fenomenal, mengingat ia tidak memiliki ijazah SMA. Ia benar-benar wanita yang sangat inspiratif. Perjalanannya tidak mulus begitu saja, melainkan mengalami jatuh bangun yang benar-benar menguji mental.
","{'Kategori': 'Biografi', 'Penyunting': 'Tim Penyunting', 'Ketebalan': '264 halaman', 'Dimensi': '20.5x13.1 cm', 'Bahasa': 'bahasa indonesia', 'Stock': 'Tersedia', 'Penerbit': 'Checklist', 'Penulis': 'Achmad Farid', 'Berat': '300 gram', 'Product Tags': ' \nachmad farid\nbuku pengetahuan sosial\nchecklist\npengetahuan sosial\n\n'}",https://www.solusibuku.com/biografi/kisah-perjuangan-inspirasi-susi-pudjiastuti.html
13,Albert Einstein Percik2 Inspirasi Dan Motivasi,"Rp.31,200 ","
Buku ini berisi tentang Albert Einstein yang merupakan seorang fisikawan, filsuf, penulis, dan menjadi salah satu ilmuwan paling berpengaruh di dunia. Bahkan kata "" Einstein"" sering diasosiasikan dengan kata pintar atau genius. Kita sering mendengar ucapan sehari-hari ""otak Einstein"" yang merujuk pada seorang siswa yang berpikiran cerdas. Einstein berhasil memecahkan berbagai hipotesa dan teori fisika yang sebelumnya masih diperdebatkan oleh para ilmuwan. Ia berhasil mencatat sebagai ilmuwan paling berpengaruh di abad ke-20. Karya-karya Einstein juga berdampak bersar pada perkembangan energi atom. Selain itu, ia juga menerbitkan lebih dari 300 karya ilmiah dari lebih dari 150 karya non-ilmiah.
","{'Kategori': 'Biografi', 'Penyunting': 'Tim Penyunting', 'Ketebalan': '144 halaman', 'Dimensi': '19x13 cm', 'Bahasa': 'bahasa indonesia', 'Stock': 'Tersedia', 'Penerbit': 'C-Klik Media', 'Penulis': 'Anom Whani Wicaksana', 'Berat': '200 gram', 'Product Tags': ' \nanom whani wicaksana\nbuku pengetahuan sosial\nc-klik media\npengetahuan sosial\n\n'}",https://www.solusibuku.com/biografi/albert-einstein-percik2-inspirasi-dan-motivasi.html
14,Martin Luther King,"Rp.31,200 ","
Buku ini berisi tentang Martin Luther, yang merupakan seorang aktivis hak asasi manusia yang berasal dari Amerika Serikat. Selama hidupnya ia terkenal dalam usahanya mengupayakan perdamaian dan pertentangan terhadap diskriminasi, rasialisme, penindasa, dan peperangan. Namanya tercatat sebagai salah satu tokoh terpenting dalam sejarah modern Amerika yang dianggap sebagai pahlawan perdamaian. Hingga akhirnya dia tewas ditembak dalam salah satu aksi damainya di Memphis pada 4 April 1968. Selain itu, ia juga tercatat sebagai Man of th Year 1963 oleh majalah Time. Kapasitasnya sebagai tokoh perdamaian dunia membuahkan Nobel Perdamaian 1964 dan menjadi peraih Nobel termuda dengan usia 35 tahun.
","{'Kategori': 'Biografi', 'Penyunting': 'Tim Penyunting', 'Ketebalan': '125 halaman', 'Dimensi': '19x13 cm', 'Bahasa': 'bahasa indonesia', 'Stock': 'Tersedia', 'Penerbit': 'C-Klik Media', 'Penulis': 'Anom Whani Wicaksana', 'Berat': '200 gram', 'Product Tags': ' \nanom whani wicaksana\nbuku pengetahuan sosial\nc-klik media\npengetahuan sosial\n\n'}",https://www.solusibuku.com/biografi/martin-luther-king.html
15,Bunda Teresa Inspirasi Dari Seorang Perempuan Penyayang,"Rp.31,200 ","
Buku ini berisi tentang Bunda Teresa yang dikenal sebagai tokoh yang rela meninggalkan harta benda dan keluarga demi menolong kaum miskin. Ia adalah sosok yang menginspirasi dunia tentang cinta kasih dan pelayanannya di Calcutta, India. Ia mengabdikan seluruh hidupnya untuk kemanusiaan. Dengan membaca buku ini kita dapat memetik pelajaran dari kisah hidup yang inspiratif.
","{'Kategori': 'Biografi', 'Penyunting': 'Tim Penyunting', 'Ketebalan': '173 halaman', 'Dimensi': '19x13 cm', 'Bahasa': 'bahasa indonesia', 'Stock': 'Tersedia', 'Penerbit': 'C-Klik Media', 'Penulis': 'Anom Whani Wicaksana', 'Berat': '200 gram', 'Product Tags': ' \nanom whani wicaksana\nbuku pengetahuan sosial\nc-klik media\npengetahuan sosial\n\n'}",https://www.solusibuku.com/biografi/bunda-teresa-inspirasi-dari-seorang-perempuan-penyayang.html
16,Plato Belajar Kepemimpinan,"Rp.31,200 ","
Buku ini berisi tentang Plato yang merupakan seorang filsuf dari Yunani. Plato mendapat julukan ""Bapak Filsafat Barat"" karena ia adlaah orang yang pertama kali membukukan pemikiran-pemikiran filsafat, diantara Phaidon, Symposion, Politeria, Phaidros, Republica, dan lain-lain. Tiga gagasan yang paling terkenal adalah gagasan tentang ide; jiwa yang meliputi rasio (kebijaksanaan), kehendak (keberanian), dan nafsu (kesopanan), dan; negara. Dengan membaca buku ini pembaca dapat mengetahui lebih jauh tentang pemikiran, inspirasi, dan motivasi dari Plato. Ada banyak kisah inspiratif dan motivatif yang akan membawa pembaca untuk menjadi manusia yang bijaksana melalui perenungan atas gagasan-gagasan Plato.
","{'Kategori': 'Biografi', 'Penyunting': 'Tim Penyunting', 'Ketebalan': '145 halaman', 'Dimensi': '19x13 cm', 'Bahasa': 'bahasa indonesia', 'Stock': 'Tersedia', 'Penerbit': 'C-Klik Media', 'Penulis': 'Anom Whani Wicaksana', 'Berat': '200 gram', 'Product Tags': ' \nanom whani wicaksana\nbuku pengetahuan sosial\nc-klik media\npengetahuan sosial\n\n'}",https://www.solusibuku.com/biografi/plato-belajar-kepemimpinan.html
17,Gianluigi Buffon The Living Legend,"Rp.71,200 ","
          Buffon adalah penjaga gawang nomor satu di Juventus dan tim nasional Italia. Kiprahnya belum tergantikan hingga saat ini. Ia meraih gelar kiper terbaik di Serie A sebanyak delapan kali. Ia merupakan salah satu kiper terbaik dunia. Buffon pernah berhasil memecahkan rekor sebagai kiper termahal dunia setelah ditransfer dari AC Parma ke Juventus pada tahun 2001 dengan mahar 45 juta euro. Ia juga berhasil meraih banyak gelar bersama Juventus dan menjuarai Piala Dunia 2006 bersama timnas Italia.        ","{'Kategori': 'Biografi', 'Penyunting': 'Tim Penyunting', 'Ketebalan': '192 halaman', 'Dimensi': '14x21 cm', 'Bahasa': 'bahasa indonesia', 'Stock': 'Tersedia', 'Penerbit': 'Second Hope', 'Penulis': 'Dadi Purnama Eksan', 'Berat': '200 gram', 'Product Tags': ' \nbiografi\nbuku biografi\ndadi purnama eksan\nsecond hope\n\n'}",https://www.solusibuku.com/biografi/gianluigi-buffon-the-living-legend.html
18,Ridwan Kamil Pemimpin Kreatif Era Milenial,"Rp.31,200 ","
Buku ini merupakan catatan dan inspirasi dari Kang Emil untuk siapa pun yang ingin jadi pemimpin. Perjalanan hidupnya sejak kecil terpapar jelas dan menarik. Ia sudah berjualan es mambo sejak kecil, hidup pas-pasan sewaktu menimba ilmu di AS, mengaku miskin karena tidak mempunyai biaya saat istrinya melahirkan, perjalanan meniti karier, hingga kedekatannya dengan warga. Buku ini dapat memberi pelajaran positif dan motivasi bagi pembaca untuk, selalu percaya bahwa perubahan menuju kebaikan bukanlah sesuatu hal yang mustahil. Ridwan Kamil selalu berada dalam koridor tersebut.
","{'Kategori': 'Biografi', 'Penyunting': 'Tim Penyunting', 'Ketebalan': '204 halaman', 'Dimensi': '19x13 cm', 'Bahasa': 'bahasa indonesia', 'Stock': 'Tersedia', 'Penerbit': 'C-Klik Media', 'Penulis': 'Anom Whani Wicaksana', 'Berat': '250 gram', 'Product Tags': ' \nanom whani wicaksana\nbuku pengetahuan sosial\nc-klik media\npengetahuan sosial\n\n'}",https://www.solusibuku.com/biografi/ridwan-kamil-pemimpin-kreatif-era-milenial.html
19,Sukarno  Biografi Lengkap Negarawan Sejati,"Rp.60,000 ","
Buku ini merangkum perjalanan hidup Sukarno mulai sejak masih kecil hingga wafat dan berupaya menempatkan Sukarno sebagai manusia yang lengkap. Selain itu, buku ini ditulis dengan bahasa yang mudah dipahami dan cara cerita yang menarik. Dramatisasinya membuat pembaca terbawa untuk menyelami kehidupan Sukarno yang berliku-liku.
","{'Kategori': 'Biografi', 'Penyunting': 'Tim Penyunting', 'Ketebalan': '399 halaman', 'Dimensi': '20x14 cm', 'Bahasa': 'bahasa indonesia', 'Stock': 'Tersedia', 'Penerbit': 'C-Klik Media', 'Penulis': 'Anom Whani Wicaksana', 'Berat': '500 gram', 'Product Tags': ' \nanom whani wicaksana\nbuku pengetahuan sosial\nc-klik media\npengetahuan sosial\n\n'}",https://www.solusibuku.com/biografi/sukarno-biografi-lengkap-negarawan-sejati.html
20,Soekarno Hatta Syahrir Pejuang Sejati Pembela Rakyat & Bangsa,"Rp.39,200 ","
Buku ini menelusuri jejak-jejak perjuangan Soekarno, Hatta dan Syahrir dalam memperjuangkan kemerdekaan dan menjaga kedaulatan bangsa.
","{'Kategori': 'Biografi', 'Penyunting': 'Tim Penyunting', 'Ketebalan': '48 halaman', 'Dimensi': '20.5x14 cm', 'Bahasa': 'bahasa indonesia', 'Stock': 'Tersedia', 'Penerbit': 'Araska Publisher', 'Penulis': 'M. Romadhon Mk', 'Berat': '300 gram', 'Product Tags': ' \naraska publisher\nbuku pengetahuan sosial\nm romadhon mk\npengetahuan sosial\n\n'}",https://www.solusibuku.com/biografi/soekarno-hatta-syahrir-pejuang-sejati-pembela-rakyat-bangsa.html
21,Jokowi Dari Rakyat Dan Tetap Merakyat,"Rp.55,200 ","
Buku ini merupakan sebuah biografi singkat tentang Pakde Jokowi, presiden Indonesia yang paling fenomenal pascareformasi 1998. Berbagai kisah perjalanan hidupnya hingga menjadi seorang presiden dapat dibaca secara detail dalam buku ini. Kesuksean dan pencapaian Pakde Jokowi sebagai pemimpin juga disajikan sebagai penambah motivasi pembaca dalam menjalani pekerjaan.
","{'Kategori': 'Biografi', 'Penyunting': 'Tim Penyunting', 'Ketebalan': '310  halaman', 'Dimensi': '20x14 cm', 'Bahasa': 'bahasa indonesia', 'Stock': 'Tersedia', 'Penerbit': 'C-Klik Media', 'Penulis': 'West Angga Tijaniy', 'Berat': '400 gram', 'Product Tags': ' \nbuku pengetahuan sosial\nc-klik media\npengetahuan sosial\nwest angga tijaniy\n\n'}",https://www.solusibuku.com/biografi/jokowi-dari-rakyat-dan-tetap-merakyat.html
22,Jokowi Kisah Perjuangan & Inspirasi,"Rp.38,400 ","
Siapa yang tidak kenal Joko Widodo atau yang akrab disapa Jokowi. Berbagai fase telah dilalui, mulai dari pengusaha mabel, walikota, hingga menjadi seorang presiden. Walau banyak yang memuja dan memuji sosok yang terkenal dengan blusukannya ini, tak sedikit pula yang membencinya. Meski demikian, Jokowi tetap menunjukkan kredibilitasnya sebagai presiden yang dihormati dan disegani, bahkan berhasil mencantumkan namanya dalam 500 muslim berpengaruh di dunia. Buku ini diterbitkan guna menyebarkan semangat dan optimisme, seperti semangat belajar, berbisnis, meniti karier, menaklukan tantangan, dan sebagainya. Harapannya dapat terbentuk generasi yang optimis dan penuh semangat, dan pantang menyerah. Dimulai dari membangun diri, keluarga, bangsa dan negara. Semangat untuk Indonesia.
","{'Kategori': 'Biografi', 'Penyunting': 'Tim Penyunting', 'Ketebalan': '174  halaman', 'Dimensi': '20.5x14 cm', 'Bahasa': 'bahasa indonesia', 'Stock': 'Tersedia', 'Penerbit': 'Checklist', 'Penulis': 'Punto Ali Fahmi', 'Berat': '200 gram', 'Product Tags': ' \nbuku pengetahuan sosial\nchecklist\npengetahuan sosial\npunto ali fahmi\n\n'}",https://www.solusibuku.com/biografi/jokowi-kisah-perjuangan-inspirasi.html
23,Bung Hatta Kisah Hidup & Pemikiran Sang Arsitek Kemerdekaan,"Rp.45,600 ","
Membaca sejarah kehidupan dan perjuangan Bung Hatta, kita bukan hanya mendapatkan sebuah kisah tentang kehidupan seorang tokoh besar yang penuh gejolak. Tetapi, kita juga akan menemukan nilai-nilai moral dan intelektual yang layak dijadikan teladan. Selamat membaca!
","{'Kategori': 'Biografi', 'Penyunting': 'Tim Penyunting', 'Ketebalan': '280 halaman', 'Dimensi': '20.5x14.0 cm', 'Bahasa': 'bahasa indonesia', 'Stock': 'Tersedia', 'Penerbit': 'Araska Publisher', 'Penulis': 'Muhammad Muhibbuddin', 'Berat': '350 gram', 'Product Tags': ' \naraska publisher\nbuku pengetahuan sosial\nmuhammad muhibbuddin\npengetahuan sosial\n\n'}",https://www.solusibuku.com/biografi/bung-hatta-kisah-hidup-pemikiran-sang-arsitek-kemerdekaan.html
24,Adolf Hitler,"Rp.47,200 ","
Buku ini mengulas secara populer kisah Hitler sebagai sang Fuehrer; seorang politisi diktator dan rasis. Membongkar secara detail peran Hitler dalam mendesain Holocaust yang membinasakan sekitar enam juta orang dari ras Yahudi pada PD II. Membaca sejarah sang Diktator, tujuan utamanya agar tragedi semacam itu tidak terulang untuk kedua kalinya.
","{'Kategori': 'Biografi', 'Penyunting': 'Tim Penyunting', 'Ketebalan': '280 halaman', 'Dimensi': '20.5x14 cm', 'Bahasa': 'bahasa indonesia', 'Stock': 'Tersedia', 'Penerbit': 'Araska Publisher', 'Penulis': 'Muh Muhibbuddin', 'Berat': '500 gram', 'Product Tags': ' \naraska publisher\nbuku pengetahuan sosial\nmuh muhibbuddin\npengetahuan sosial\n\n'}",https://www.solusibuku.com/biografi/adolf-hitler.html
25,Ki Hadjar Dewantara Putra Keraton Pahlawan Bangsa,"Rp.31,200 ","
Buku ini berisi kisah Ki Hajar Dewantara dalam memperjuangkan kesetaraan pendidikan di Indonesia agar dapat dimiliki oleh semua lapisan masyarakat. Suka duka hingga beberapa kali diasingkan oleh pemerintah kolonial Belanda telah ia jalani semasa hidupnya. Bersama dengan dua tokoh Tiga Serangkai lainnya, Ki Hajar mampu memerdekakan pendidikan di Indonesia. Ia mendirikan Perguruan Tamansiswa yang berpusat di Yogyakarta sebagai bentuk kecintaannya terhadap pendidikan. Dapatkan kisah selengkapnya di buku ini. Selamat membaca!
","{'Kategori': 'Biografi', 'Penyunting': 'Tim Penyunting', 'Ketebalan': '178 Halaman', 'Dimensi': '13 x 19 cm', 'Bahasa': 'Bahasa Indonesia', 'Stock': 'Tersedia', 'Penerbit': 'C-Klik Media', 'Penulis': 'Syaiful Hermawan', 'Berat': '300 gram', 'Product Tags': ' \nC-Klik Media\nSyaiful Hermawan\n\n'}",https://www.solusibuku.com/biografi/ki-hadjar-dewantara-putra-keraton-pahlawan-bangsa.html
26,Mahfud Md The Long Way Of An Indonesian Politician,"Rp.36,000 ","
Buku ini memaparkan kisah sosok yang melegenda di dunia akademis maupun perpolitikan Indonesia, Mahfud MD. Kepribadiannya yang jujur, semangatnya dalam belajar dan haus akan ilmu pengetahuan tak menyurutkan niatnya untuk menempuh pendidikan meski dalam keadaan terbatas. Bukan hanya  ilmu duniawi saja yang ia pelajari tetapi juga ilmu agama ia geluti. Hingga tardir membawanya ke dunia perpolitikan yang dekat dengan 'kecurangan' dan 'ketidakjujuran'. Dapatkan kisah selengkapnya di buku ini. Selamat membaca!
","{'Kategori': 'Biografi', 'Penyunting': 'Tim Penyunting', 'Ketebalan': '191 Halaman', 'Dimensi': '14 x 20 cm', 'Bahasa': 'Bahasa Indonesia', 'Stock': 'Tersedia', 'Penerbit': 'Penerbit Briliant', 'Berat': '300 gram', 'Product Tags': ' \nPenerbit Brilliant\nWeda S Atmanegara\n\n'}",https://www.solusibuku.com/biografi/mahfud-md-the-long-way-of-an-indonesian-politician.html
27,Dokter Soetomo Jiwa Pergerakan yang Tak Pernah Padam,"Rp.31,200 ","
Buku ini berisi kisah Dokter Soetomo sebagai jiwa penggerak yang tak pernah padam. Soetomo adalah tokoh hebat dalam pergerakan karena komitmennya untuk kemerdekaan bangsa Indonesia. Perjuangan, semangat,  pemikiran dan jiwa kepemimpinannya dapat dijadikan contoh dan inspirasi bagi kita semua. Ia mengabdikan dirinya dalam bidang sosial dan membangun kebutuhan sosial demi memajukan kehidupan bangsa Indonesia. Dapatkan kisah selengkapnya di buku ini. Selamat membaca!
","{'Kategori': 'Biografi', 'Penyunting': 'Tim Penyunting', 'Ketebalan': '138 Halaman', 'Dimensi': '13 x 19 cm', 'Bahasa': 'Bahasa Indonesia', 'Stock': 'Tersedia', 'Penerbit': 'C-Klik Media', 'Penulis': 'Anom Whani Wicaksana', 'Berat': '300 gram', 'Product Tags': ' \nAnom Whani W\nC-Klik Media\n\n'}",https://www.solusibuku.com/biografi/dokter-soetomo-jiwa-pergerakan-yang-tak-pernah-padam.html
28,Tan Malaka Perjuangan & Kesederhanaan,"Rp.31,200 ","
Buku ini mengulas berbagai kisah perjuangan Tan Malaka demi kemerdekaan Indonesia. Bahkan, ia rela tidak berkeluarga demi memperjuangkan bangsanya, meski harus mati di tangan bangsanya sendiri. Bagaimana kisah selanjutnya? Baca selengkapnya di buku ini. Selamat membaca!
","{'Kategori': 'Biografi', 'Penyunting': 'Tim Penyunting', 'Ketebalan': '128 Halaman', 'Dimensi': '13 x 19 cm', 'Bahasa': 'Bahasa Indonesia', 'Stock': 'Tersedia', 'Penerbit': 'C-Klik Media', 'Penulis': 'Anom Whani Wicaksana', 'Berat': '300 gram', 'Product Tags': ' \nC-Klik Media\nSyaiful Hermawan\n\n'}",https://www.solusibuku.com/biografi/tan-malaka-perjuangan-kesederhanaan.html
29,Buya Hamka Teladan & Inspirasi Penuh Talenta,"Rp.31,200 ","
Buku ini memuat kisah perjalanan Buya Hamka sejak kecil hingga wafat. Sederet kisah inspiratif keteladanan beliau tergambar dengan jelas. Melalui buku ini, pembaca akan dengan mudah memahami, menerapkan dan mengambil hikmah dari sosok Hamka. Selamat membaca!
","{'Kategori': 'Biografi', 'Penyunting': 'Tim Penyunting', 'Ketebalan': '155 Halaman', 'Dimensi': '13 x 19 cm', 'Bahasa': 'Bahasa Indonesia', 'Stock': 'Tersedia', 'Penerbit': 'C-Klik Media', 'Penulis': 'Dadi Purnama Eksan', 'Berat': '300 gram', 'Product Tags': ' \nC-Klik Media\nDadi Purnama Eksan\n\n'}",https://www.solusibuku.com/biografi/buya-hamka-teladan-inspirasi-penuh-talenta.html
30,Sri Sultan Hamengkubuwono Inspirasi Sang Pemimpin Rakyat,"Rp.31,200 ","
Di dalam buku ini, kita bisa memahami sejarah keistimewaan Yogyakarta. Selain itu, kita juga mampu mengambil keteladanan dari kepimimpinan Sri Sultan Hamengkubuwono IX dalam hal kekuasaan, perjuangan, spiritualitas, keikhlasan dan pengorbanan. Ia mengikhlaskan kekuasaannya di Mataram untuk bergabung dengan Republik Indonesia. Sikap nasionalis, kepemimpinan dan kedermawanannya menjadi tokoh penting bagi kehidupan kita. Selamat membaca!
","{'Kategori': 'Biografi', 'Penyunting': 'Tim Penyunting', 'Ketebalan': '122 Halaman', 'Dimensi': '13 x 19 cm', 'Bahasa': 'Bahasa Indonesia', 'Stock': 'Tersedia', 'Penerbit': 'C-Klik Media', 'Penulis': 'Anom Whani Wicaksana', 'Berat': '300 gram', 'Product Tags': ' \nAnom Whani W\nC-Klik Media\n\n'}",https://www.solusibuku.com/biografi/sri-sultan-hamengkubuwono-inspirasi-sang-pemimpin-rakyat.html
31,KH Ahmad Dahlan Nasionalisme & Kepemimpinan ,"Rp.36,000 ","
Buku ini merangkum kisah perjalanan segala kiprah K.H. Ahmad Dahlan bersama Muhammadiyah, termasuk pemikiran, gerakan dan biografinya. Selamat membaca!
","{'Kategori': 'Biografi', 'Penyunting': 'Tim Penyunting', 'Ketebalan': '195 Halaman', 'Dimensi': '13 x 19 cm', 'Bahasa': 'Bahasa Indonesia', 'Stock': 'Tersedia', 'Penerbit': 'C-Klik Media', 'Berat': '300 gram', 'Product Tags': ' \nAbdul Wali Kusno\nC-Klik Media\n\n'}",https://www.solusibuku.com/biografi/kh-ahmad-dahlan-nasionalisme-kepemimpinan.html
32,Konfusius Kisah Hidup Da,"Rp.64,000 ","
          Konfusius telah diangkat menjadi simbol moralitas dan pembelajaran dan, dengan demikian, kisah hidupnya sendiri telah menjadi perlambang dari upaya heroik, karena telah berusaha dengan tanpa pamrih untuk membawa perubahan yang positif bagi dunia. Namun, semakin banyak ilmuwan yang secara khusus mempelajari Konfusius, semakin jelas bahwa biografinya yang tradisional merupakan legenda dan sangat sedikit menyuguhkan fakta.        ","{'Kategori': 'Biografi', 'Penyunting': 'Tim Penyunting', 'Ketebalan': '272 Halaman', 'Dimensi': '13 x 19 cm', 'Bahasa': 'Bahasa Indonesia', 'Stock': 'Tersedia', 'Penerbit': 'Basa Basi', 'Berat': '400 gram', 'Product Tags': ' \nBasa Basi\n\n'}",https://www.solusibuku.com/biografi/konfusius-kisah-hidup-da.html
33,Lao Tzu Kisah Hidup Dan Pemikirannya,"Rp.48,000 ","
          Dalam banyak kisah, Lao-tzu dipersamakan dengan Shakyamuni yang diyakini sebagai Buddha. Dia juga adalah guru dari K’ung chiu atau Confucius—yang di kemudian hari banyak bertentangan dengannya. Voltaire mendakwanya: merupakan suatu kebodohan dan takhayul ketika mengamalkan ajaran Tao. Para penulis lain terkesan hebat olehnya. Beberapa dari mereka menemukan bahwa Tao, yang banyak dibicarakan Lao-tzu, telah diserupakan dengan Dewa, mirip Logos yang digambarkan Plato dan para penganut Neoplatonisme. Beberapa penulis bahkan menyatakan bahwa Lao-tzu adalah sosok spiritual, abadi, dan hidup dalam dirinya sendiri-mewujudkan diri sebagai seorang manusia di bumi pada berbagai zaman dan dengan nama yang beraneka ragam.        ","{'Kategori': 'Biografi', 'Penyunting': 'Tim Penyunting', 'Ketebalan': '196 Halaman', 'Dimensi': '13 x 19 cm', 'Bahasa': 'Bahasa Indonesia', 'Stock': 'Tersedia', 'Penerbit': 'Basa Basi', 'Berat': '400 gram', 'Product Tags': ' \nBasa Basi\n\n'}",https://www.solusibuku.com/biografi/lao-tzu-kisah-hidup-dan-pemikirannya.html
34,Biografi Gus Dur New 2020,"Rp.102,000","
Buku ini menyuguhkan kisah menakjubkan dan tak ternilai tentang teka-teki sosok Gus Dur. Abdurrahman Wahid, atau yang lebih populer dengan sebutan Gus Dur, merupakan tokoh panutan yang sangat dihormati oleh banyak kalangan karena pengabdiannya kepada masyarakat, demokrasi, dan Islam toleran. Sosoknya penuh teka-teki dan kontroversial sehingga pemikiran dan tindakannya sering disalahpahami oleh banyak kalangan. Dia dipuji oleh banyak kalangan, namun juga dicela oleh mereka yang tidak mampu memahami jalan pikiran dan sikapnya. Akan tetapi, penulis buku ini, Greg Barton, berhasil memotret dan menampilkan pemahaman yang untuh dan komprehensif tentang sosok Gus Dur kepada kita. ""Buku ini sangat baik. Ia bisa menjelaskan ketidakmengertian yang dialami oleh masyarakat tentang sosok Gus Dur ...."" (Republika)
","{'Kategori': 'Biografi', 'Penyunting': 'Tim Penyunting', 'Ketebalan': '544 Halaman', 'Dimensi': '13 x 19 cm', 'Bahasa': 'Bahasa Indonesia', 'Stock': 'Tersedia', 'Penerbit': 'Ircisod', 'Berat': '700 gram', 'Product Tags': ' \nIrcisod\n\n'}",https://www.solusibuku.com/biografi/biografi-gus-dur-new-2020.html
35,Steve Jobs Super Trik Sukses & Kaya Raya,"Rp.40,000 ","
Steve Jobs banyak memberi kontribusi bagi dunia. Tentunya, sumbangsih terbesarnya adalah di bidang teknologi dengan merek Apple. Belum lagi dengan daya ubahnya yang luar biasa dalam menginspirasi orang. Tentunya, Steve Jobs sebagai manusia banyak kelemahan justru semakin memberi nuansa pembelajaran yang tiada henti bagi dirinya. Buku ini akan membeberkan secara lugas dan tuntas masa kecil, penemuan, kejatuhan, dan nama harum Steve Jobs.
","{'Kategori': 'Biografi', 'Penyunting': 'Tim Penyunting', 'Ketebalan': '278 Halaman', 'Dimensi': '14 x 20 cm', 'Bahasa': 'Bahasa Indonesia', 'Stock': 'Tersedia', 'Penerbit': 'Scritto Books', 'Berat': '300 gram', 'Product Tags': ' \nScritto Books\n\n'}",https://www.solusibuku.com/biografi/steve-jobs-super-trik-sukses-dan-kaya-raya.html
36,RAJA DI NEGARA REPUBLIK KEHIDUPAN SULTAN HAMENGKU BUWONO IX DARI YOGYAKARTA,"Rp.120,000","
          Hamengku Buwono IX, mantan Sultan Daerah Istimewa Yogyakarta, dihormati masyarakat Indonesia sebagai salah satu pendiri besar Negara Indonesia modern. Ia meninggalkan warisan yang positif, namun ambigu, dalam beberapa hal terkait politik. Pencapaiannya yang paling mencolok adalah dirinya yang berhasil mempertahankan Kerajaan Yogyakarta secara turun-temurun, dan ia memelihara stabilitas dan keberlanjutan langka dalam sejarah modern Indonesia yang sangat rusak. Di bawah Orde Baru, Hamengku Buwono juga membantu mengantarkan perekonomian Indonesia menuju jalan pertumbuhan yang jauh lebih kuat. Meskipun diingat sebagai simbol “kepatutan politik”, ia menghilang dari kekuasaan dan pengaruh sebagai wakil presiden, di tahun 1970-an. Sifat-sifat represif dan anti-demokratis dari Orde Baru-nya Suharto tampak sangat berlawanan dengan apa yang awalnya diperjuangkan oleh Hamengku Buwono.        ","{'Kategori': 'Biografi', 'Ketebalan': '508 Halaman', 'Dimensi': '15 x 23 cm', 'Bahasa': 'Indonesia', 'Stock': 'Tersedia', 'Penerbit': 'Anak Hebat Indonesia', 'Penulis': 'John Monfries, Penerjemah: Uswatun Hasanah ', 'Berat': '300 gram', 'Product Tags': ' \nanak hebat indonesia\n\n'}",https://www.solusibuku.com/biografi/raja-di-negara-republik-kehidupan-sultan-hamengku-buwono-ix-dari-yogyakarta.html
37,STEVE JOBS KISAH HIDUP SEORANG SENIMAN KOMPUTER YANG MENGUBAH DUNIA,"Rp.23,600 ","
          Jika ada yang ingin mengetahui mengenai suksesnya Apple sebagai perusahaan terbesar di dunia maka sebelumnya kamu harus tahu siapa sosok dibalik perusahaan tersebut. Dialah Steve Jobs, tokoh paling terkenal dibalik berdiri dan suksesnya perusahaan Apple. Jobs juga memimpin Pixar Animation Studios, sebuah perusahaan komputer animasi terkemuka di dunia layar lebar. telah menjadi multi-jutawan sebelum berumur 30 tahun. Dimulai dengan perusahaan NeXT untuk membuat sistem pendidikan dengan harga yang terjangkau, menemukan bahwa menjual software lebih baik dari pada menjual hardware. Buku ini mencoba membahas kehidupan dan sepak terjang Sang Seniman IT yang tersohor ini supaya dapat menginspirasi orang banyak.        ","{'Kategori': 'Biografi', 'Ketebalan': '128 Halaman', 'Dimensi': '14 x 20 cm', 'Bahasa': 'Indonesia', 'Stock': 'Tersedia', 'Penerbit': 'Anak Hebat Indonesia', 'Penulis': 'Sony Adams ', 'Berat': '300 gram', 'Product Tags': ' \nanak hebat indonesia\n\n'}",https://www.solusibuku.com/biografi/steve-jobs-kisah-hidup-seorang-seniman-komputer-yang-mengubah-dunia.html
38,LIEM SIOE LIONG,"Rp.35,040 ","
          Awalnya Liem Sioe Liong hanya petani miskin dari desa terpencil di Fuqing, China bagian selatan. Kemelaratan dan ancaman perang membuat Liem memutuskan untuk pergi ke tanah Jawa. Memulai karirnya dari penjual baju, tukang mindring, penjual kopi, Liem terus maju dan bisnisnya melesat hingga menduduki posisi sebagai perusahaan terbesar di Indonesia.
Lalu bagaimana Liem Sioe Liong mengelola bisnis UKM menjadi bisnis konglomerasi kelas dunia? Dialah sang pemilik dari perusahaan-perusahaan terbesar di Indonesia, seperti BCA, Indofood, Bogasari, Indocement, Indomobil, serta ratusan perusahaan lainnya.        ","{'Kategori': 'Biografi', 'Ketebalan': '220 Halaman', 'Dimensi': '14 x 20 cm', 'Bahasa': 'Indonesia', 'Stock': 'Tersedia', 'Penerbit': 'Anak Hebat Indonesia', 'Penulis': 'Ganjar Tri Haryono ', 'Berat': '300 gram', 'Product Tags': ' \nanak hebat indonesia\n\n'}",https://www.solusibuku.com/biografi/liem-sioe-liong.html
39,BILL GATES MEMBONGKAR RESEP KAYA MANUSIA TERKAYA DI DUNIA,"Rp.55,600 ","
          Tentang Bill Gates, si Manusia Terkaya
• Tahukah Anda bahwa ternyata Bill Gates kecil adalah anak nakal yang mempunyai hobi nyleneh?
• Ingin tahu bagaimana langkah awal berkarier Bill Gates dengan Microsoftnya?
• Apa saja faktor pendorong kesuksesan Bill Gates dalam mengembangkan Microsoft?
• Bagaimana sebenarnya kehidupan keluarga Bill Gates?
• Bill Gates adalah seorang yang dermawan, percaya?
• Apa sebenarnya rahasia dan strategi bisnis Bill Gates hingga menjadi sukses?
• Bagaimana liburan ala Bill Gates si Manusia Terkaya?
• Ingin tahu sisi lain Bill Gates serta prediksinya tentang kemajuan teknologi di masa mendatang?
• Semuanya terungkap hanya di buku ini!        ","{'Kategori': 'Biografi', 'Ketebalan': '328 Halaman', 'Dimensi': '14 x 20 cm', 'Bahasa': 'Indonesia', 'Stock': 'Tersedia', 'Penerbit': 'Anak Hebat Indonesia', 'Penulis': 'Hasna Wijayati, M.A ', 'Berat': '300 gram', 'Product Tags': ' \nanak hebat indonesia\n\n'}",https://www.solusibuku.com/biografi/bill-gates-membongkar-resep-kaya-manusia-terkaya-di-dunia.html
40,STRATEGI DAN KUNCI SUKSES BISNIS ALA RICHARD BRANSON,"Rp.43,600 ","
          Fakta mengenai Richard Branson:
    • Richard Branson mengalami disleksia dan putus sekolah karena penyakit ini. Sejak usia 15 tahun, Branson sudah tidak bersekolah.
    • Pada usia 16 tahun Branson memulai usaha menerbitkan majalah.
    • Bisninsnya berkembang dari satu hingga lebih dari 400 perusahaan, dari kaset, jaringan ritel, kartu kredit, wisata luar angkasa, kereta api, penerbitan, baju pengantin, cola, dll
    • Meski mengalami disleksia, Branson membuktikan dirinya bisa menulis banyak buku, dan menjadi blogger yang aktif.
    • Bagaimana Richard Branson mengatur waktunya?
    • Tahukah Anda bahwa dia rutin bangun pagi?
    • Tahukah Anda bahwa Branson mengoperasikan perusahaannya dari pulau pribadinya?        ","{'Kategori': 'Biografi', 'Ketebalan': '284 Halaman', 'Dimensi': '14 x 20 cm', 'Bahasa': 'Indonesia', 'Stock': 'Tersedia', 'Penerbit': 'Anak Hebat Indonesia', 'Penulis': 'Elshabrina ', 'Berat': '300 gram', 'Product Tags': ' \nanak hebat indonesia\n\n'}",https://www.solusibuku.com/biografi/strategi-dan-kunci-sukses-bisnis-ala-richard-branson.html
41,MEMBONGKAR RAHASIA KAYA ALA JACK MA,"Rp.35,040 ","
          Inilah kisah tentang orang terkaya di China.
    • Dilahirkan dari keluarga miskin, ayah Jack Ma mendapat santunan Rp 500 ribu per  bulan untuk menghidupi keluarganya.
    • Saat umurnya 12 tahun, Jack Ma belajar bahasa Inggris, dan selama delapan tahun ia menjadi pemandu wisata di sebuah hotel dekat danau Hangzhou.
    • Jack Ma akhirnya menjadi guru bahasa Inggris, karena hanya kemampuan ini yang ia miliki. Dengan gaji Rp 142 ribu/bulan, Jack Ma menjadi pengajar bahasa Inggris.
    • Kisahnya dimulai dari serangkaian kegagalan dalam kariernya, ditolak lebih dari 30 perusahaan, dan dianggap bodoh.        ","{'Kategori': 'Biografi', 'Ketebalan': '264 Halaman', 'Dimensi': '14 x 20 cm', 'Bahasa': 'Indonesia', 'Stock': 'Tersedia', 'Penerbit': 'Anak Hebat Indonesia', 'Penulis': 'Hasna Wijayati & Andika Drajat Murdani ', 'Berat': '300 gram', 'Product Tags': ' \nanak hebat indonesia\n\n'}",https://www.solusibuku.com/biografi/membongkar-rahasia-kaya-ala-jack-ma.html
42,RESEP BISNIS CIPUTRA MENGUBAH KOTORAN DAN RONGSOKAN MENJADI EMAS,"Rp.34,240 ","
          Fakta tentang Ciputra

-    Majalah pemeringkat kekayaan selalu memasukkannya dalam daftar para taipan Indonesia
-    Ciputra adalah orang di balik berdirinya taman rekreasi terbesar pertama di tanahair, dan masuk 10 besar di dunia, yakni Ancol.
-    Ciputra adalah orang dibalik kesuksesan Grup Jaya, Grup Metropolitan, dan Grup Ciputra
-    Ciputra adalah orang dibalik hotel-hotel bertaraf internasional di Indonesiadan luar negeri
-    Ciputra adalah orang dibalik pembangunan 22 kota baru, seperti Pondok Indah, Bintaro Jaya, Bumi Serpong Damai, dan Citra Raya Surabaya
-    Ciputra membangun rumah sakit internasional di Vietnam, dan disebut-sebut sebagai proyek real estate terbesardi negara itu.
-    Ciputra membangun kota kota baru di berbagai negara, seperti Kamboja. Singapura, Cina, Malaysia, Emirat Arab, dll
-    Ciputra telah membangun lebih dari 15 sekolah dan 4 universitas dengan leonsep entreprcneurship
-    Ciputra mendapatkan penghargaan dari Entreprerteur ofThc Year 2007versi ErnstYoung
-    lalu seperti apa perjuangan dan kerja keras dari Ciputra hingga menjadi raja real estate?        ","{'Kategori': 'Biografi', 'Ketebalan': '224 Halaman', 'Dimensi': '14 x 20 cm', 'Bahasa': 'Indonesia', 'Stock': 'Tersedia', 'Penerbit': 'Anak Hebat Indonesia', 'Penulis': 'Maskur Anhari ', 'Berat': '300 gram', 'Product Tags': ' \nanak hebat indonesia\n\n'}",https://www.solusibuku.com/biografi/resep-bisnis-ciputra-mengubah-kotoran-dan-rongsokan-menjadi-emas.html
43,KIAI MA’RUF AMIN MENYELAMI JEJAK PEMIKIRAN SANG POLITISI PEMIKIR DAN ULAMA BESAR,"Rp.47,600 ","
          Kiai Ma’ruf Amin adalah keturunan Syekh Nawawi, seorang ulama besar, karismatik, dan masyhur, serta penulis prolifik-produktif di abad ke-19 yang dikagumi oleh umat Islam dari berbagai Negara. Tetapi bukan hanya dari segi gen atau darah biru saja, keulamaan Kiai Ma’ruf juga karena beliau lama sekali belajar tentang ilmu-ilmu keislaman. Kiai Ma’ruf juga seorang politisi ulung yang sudah lama malang-melintang di dunia politik dan turut memberi kontribusi bagi munculnya gerakan intoleransi agama dan anti-pluralisme serta tumbuhnya kelompok radikal Islam yang suka “mengganyang” kaum minoritas. Kiai Ma’ruf juga yang berada di balik keluarnya fatwa-fatwa haram MUI terhadap sekelompok Islam dan sekte agama, termasuk pengharaman terhadap pluralisme, sekularisme, dan liberalism. Inilah yang membuat saya sering berseberangan dengan beliau.        ","{'Kategori': 'Biografi', 'Ketebalan': '272 Halaman', 'Dimensi': '14 x 20 cm', 'Bahasa': 'Indonesia', 'Stock': 'Tersedia', 'Penerbit': 'Anak Hebat Indonesia', 'Penulis': 'A.R. Shohibul Ulum', 'Berat': '300 gram', 'Product Tags': ' \nanak hebat indonesia\n\n'}",https://www.solusibuku.com/biografi/kiai-ma-ruf-amin-menyelami-jejak-pemikiran-sang-politisi-pemikir-dan-ulama-besar.html
44,STEVE JOBS SENIMAN TEKNOLOGI REVOLUSIONER ABAD 21,"Rp.38,000 ","
          “Saya bangga akan banyak hal yang belum kami lakukan sama halnya dengan banyak hal yang sudah kami lakukan. Inovasi adalah berkat tidak ke ribuan hal.”

“Orang-orang berpikir bahwa fokus itu berarti berkata ya ke hal yang harus Anda kerjakan. Namun sebenarnya sama sekali tidak tepat. Itu berarti berkata tidak ratusan ide hebat lainnya. Anda harus memilihnya hati-hati.”        ","{'Kategori': 'Biografi', 'Ketebalan': '220 Halaman', 'Dimensi': '14 x 20 cm', 'Bahasa': 'Indonesia', 'Stock': 'Tersedia', 'Penerbit': 'Anak Hebat Indonesia', 'Penulis': 'Sony Adams ', 'Berat': '300 gram', 'Product Tags': ' \nanak hebat indonesia\n\n'}",https://www.solusibuku.com/biografi/steve-jobs-seniman-teknologi-revolusioner-abad-21.html
45,GRAMSCI PIKIRAN YANG TERBEBAS DALAM JERUJI,"Rp.39,600 ","
          “Apakah kaum intelektual sebenarnya adalah intelektual dari kaum tersebut, dan apakah mereka telah bekerja keras dalam menyejajarkan prinsip dan masalah yang ditimbulkan oleh massa dalam aktivitas praktis mereka, sehingga menciptakan persatuan budaya dan sosial.”
(Gramsci, diterjemahkan oleh Utomo, 2013:464)
Dengan menyatakan dan mempertanyakan Gramsci menghadirkan kontradiksi dari dunia, dari manusia yang menghuninya. Kita dipancingnya untuk memahami keberadaan hegemoni sekaligus dominasi. Kita melihat kesadaran akan perbedaan. Persoalannya adalah bagaimana menjadi jembatan-jalan tengah atas semua itu.        ","{'Kategori': 'Biografi', 'Ketebalan': '224 Halaman', 'Dimensi': '14 x 20 cm', 'Bahasa': 'Indonesia', 'Stock': 'Tersedia', 'Penerbit': 'Anak Hebat Indonesia', 'Penulis': 'Emhaf', 'Berat': '300 gram', 'Product Tags': ' \nanak hebat indonesia\n\n'}",https://www.solusibuku.com/biografi/gramsci-pikiran-yang-terbebas-dalam-jeruji.html
46,THE SECRET OF LEE BYUNG CHULL RAHASIA DIBALIK KESUKSESAN SAMSUNG,"Rp.39,200 ","
          Buku “The Secret of Lee Byung Chull: Rahasia Dibalik Kesuksesan Samsung” ini berisi tentang:
    • Bagaimana perkembangan Samsung dari masa ke masa?
    • Bagaimana Lee Byung Chull melakukan ekspansi berbagai divisi?
    • Bagaimana cara Lee Byung Chull mengambil focus bisnis?
    • Budaya jam kerja ala Samsung
    • Bagaimana Samsung memberikan kesejahteraan bagi pegawai?
    • Bagaimana Samsung memberikan pendidikan bagi karyawan?
    • Apa saja lima prinsip bisnis ala Samsung?
    • Bagaimana strategi distribusi Samsung?
    • Bagaimana Samsung memburu orang genius?
    • Lee Byung Chull dan manajemen rasional        ","{'Kategori': 'Biografi', 'Ketebalan': '240 Halaman', 'Dimensi': '14 x 20 cm', 'Bahasa': 'Indonesia', 'Stock': 'Tersedia', 'Penerbit': 'Anak Hebat Indonesia', 'Penulis': 'Erwin Halim', 'Berat': '300 gram', 'Product Tags': ' \nanak hebat indonesia\n\n'}",https://www.solusibuku.com/biografi/the-secret-of-lee-byung-chull-rahasia-dibalik-kesuksesan-samsung.html
47,NEGOSIASI BISNIS ALA STEVE JOBS KUPAS TUNTAS TRIK SUKSES NEGOSIASI KELAS DUNIA,"Rp.55,600 ","
          Salah satu tokoh teknologi dunia paling penting di awal abad 21 adalah Steve Jobs, pendiri sekaligus CEO Apple. Jobs merupakan pionir dari berbagai produk berteknologi tinggi berbasis komputasi. Bersama Apple, Steve Jobs telah membuat banyak lompatan besar di bidang teknologi yang banyak mengubah wajah dunia.
Selain sebagai innovator teknologi untuk Apple, Jobs juga merupakan jenderal yang memimpin pertarungan bisnis perusahaan secara global. Kemampuan bisnis dan manajerial Jobs bersama Apple dan berbagai perusahaan yang pernah dipimpinnya tidak perlu diragukan lagi. Steve Jobs juga merupakan salah seorang pebisnis yang memiliki kemampuan negosiasi mengagumkan. Sebagai negosiator, ia sering menjadi penentu utama keberhasilan perusahaan mencapai kesepakatan kerja sama dengan pihak lain.        ","{'Kategori': 'Biografi', 'Ketebalan': '244 Halaman', 'Dimensi': '14 x 20 cm', 'Bahasa': 'Indonesia', 'Stock': 'Tersedia', 'Penerbit': 'Anak Hebat Indonesia', 'Penulis': 'Ibrahim Nubika', 'Berat': '300 gram', 'Product Tags': ' \nanak hebat indonesia\n\n'}",https://www.solusibuku.com/biografi/negosiasi-bisnis-ala-steve-jobs-kupas-tuntas-trik-sukses-negosiasi-kelas-dunia.html
48,CARLOS SLIM HELU THE CRAZY RICH MEXICAN,"Rp.55,600 ","
          Di Indonesia, nama Carlos Slim Helu memang tidak sefamiliar Bill Gates, Warren Buffet atau pun Mark Zuckerberg. Akan tetapi, sebuah kenyataan membuktikan bahwa Carlos berhasil mengungguli miliarder-miliarder tersebut dalam beberapa kali kesempatan sebagai orang terkaya No. 1 di dunia.
Sebagian orang yang membenarkan bahwa Carlos sebenarnya jauh lebih kaya disbanding Bill Gates dan Warren Buffet. Ini adalah sebuah fenomena yang menarik banyak kalangan karena posisi mereka biasanya sulit dikalahkan. Uniknya, Bill Gates dan Warren Buffet merupakan orang terkaya yang berasal dari Negara maju, sementara Carlos satu-satunya orang terkaya di dunia yang berasal dari Negara berkembang, Meksiko.        ","{'Kategori': 'Biografi', 'Ketebalan': '348 Halaman', 'Dimensi': '11 x 19 cm', 'Bahasa': 'Indonesia', 'Stock': 'Tersedia', 'Penerbit': 'Anak Hebat Indonesia', 'Penulis': 'Akbar Kaelola', 'Berat': '300 gram', 'Product Tags': ' \nanak hebat indonesia\n\n'}",https://www.solusibuku.com/biografi/carlos-slim-helu-the-crazy-rich-mexican.html
49,101 CARA KREATIF ALA STEVE JOBS,"Rp.70,800 ","
          Sebagai seorang innovator dan pendiri perusahaan Apple, Steve Jobs telah membawa perubahan besar dalam dunia teknologi. Genius, ambisius, pantang menyerah. Mungkin itu pengggambaran yang tepat untuk sosok Steve Jobs. Melalui iPod dia telah menciptakan sebuah revolusi teknologi dalam industry music. Bahkan, kreativitas dan jiwa estetiknya telah membawa Pixar mencapai puncak kejayaan malalui film animasi, Toy Story.
Steve Jobs adalah sosok yang melampaui zaman. Ada seratus sati (101) cara kreatif yang bisa kita teladani dari Sete Jobs, sebagai seorang pembawa perubahan. Ingatlah kutipan terkenal Jobs, “Stay hungry, stay foolish.” (Selalu haus ilmu pengetahuan, dan teruslah mempelajari hal baru).        ","{'Kategori': 'Biografi', 'Ketebalan': '324 Halaman', 'Dimensi': '14 x 20 cm', 'Bahasa': 'Indonesia', 'Stock': 'Tersedia', 'Penerbit': 'Anak Hebat Indonesia', 'Penulis': 'Saad Pamungkas', 'Berat': '300 gram', 'Product Tags': ' \nanak hebat indonesia\n\n'}",https://www.solusibuku.com/biografi/101-cara-kreatif-ala-steve-jobs.html
50,JOKOWI MENJAWAB  JAWABAN ATAS 41 MASALAH POPULER YANG SERING DIKAITKAN DENGAN JOKOWI,"Rp.52,400 ","
          Jokowi itu PKI. Jokowi itu China. Jokowi itu antek asing…
Seperti itulah isu miring yang dikaitkan dengan sosok presiden incumbent kita, Ir. H. Joko Widodo, atau yang lebih beken dengan sebutan “Jokowi”.
Segala kontroversi, ujaran kebencian, berita bohong, selalu disematkan kepada mantan wali kota Solo yang berhasil membangun proyek infrastruktur dalam masa kepemimpinan satu periode ini. Terkadang Jokowi marah, hingga memunculkan istilah “politikus sontoloyo dan genderuwo”. Namun, Jokowi lebih banyak diam tak menanggapi isu-isu negative yang kerap menyerang dirinya. Baginya yang terpenting adalah Kerja, Kerja, Kerja! Bukan nyinyir maupun pesimis pada proses kemajuan bangsa.        ","{'Kategori': 'Biografi', 'Ketebalan': '192 Halaman', 'Dimensi': '14 x 20 cm', 'Bahasa': 'Indonesia', 'Stock': 'Tersedia', 'Penerbit': 'Anak Hebat Indonesia', 'Penulis': 'Alfi Arifian', 'Berat': '300 gram', 'Product Tags': ' \nanak hebat indonesia\n\n'}",https://www.solusibuku.com/biografi/jokowi-menjawab-jawaban-atas-41-masalah-populer-yang-sering-dikaitkan-dengan-jokowi.html
51,MISTERI KEHIDUPAN BUNG KARNO,"Rp.39,600 ","
          Apakah Sukarno berhaluan komunis? Ada hubungan apa antara Bung Karno dan Presiden Kennedy? Apakah benar banyak hal yang disembunyikan terkait kematian presiden pertama RI tersebut? Dan masih banyak pertanyaan yang menjadi misteri tentang Bung Karno.
Kesan kontroversi terlihat sejak awal Bung Karno menjabat presiden. Di tengah kondisi rakyatnya yang terbelakang, tak diragukan lagi, kesan parlente dan flamboyan telah melekat di dalam diri seorang Sukarno. Sementara itu, di mata para wanita, dia seorang pecinta yang karismatik. Namun, lebih dari itu, peran seorang Sukarno ternyata amatlah besar, terutama dalam memperjuangkan berdirinya Republik Indonesia dalam konsep “negara kesatuan”.
Sebagai “singa podium”, tak hanya massa yang mampu terhipnotis, deretan pemimpin dunia pun takluk oleh diplomasi dan negosiasi seorang Sukarno. Bahkan, beberapa deret wanita pun berhasil jatuh ke pelukannya. Sejarah mencatat seorang Sukarno memiliki 9 istri. Dalam wawancaranya dengan Cindy Adams, ia bertutur, “... Ya, aku senang melihat wanita cantik. Aku akan merasa lebih berdosa bila berpura-pura dengan mengatakan tidak atau bersikap seakan tidak senang. Berpura-pura seperti itu namanya munafik dan aku tidak mau munafik.”        ","{'Kategori': 'Biografi', 'Ketebalan': '268 Hal Halaman', 'Dimensi': '14 x 20 cm', 'Bahasa': 'Indonesia', 'Stock': 'Tersedia', 'Penerbit': 'Anak Hebat Indonesia', 'Penulis': 'Abraham Panumbangan', 'Berat': '300 gram', 'Product Tags': ' \nanak hebat indonesia\n\n'}",https://www.solusibuku.com/biografi/misteri-kehidupan-bung-karno.html
52,SOEKARNO SEBUAH BIOGRAFI,"Rp.55,200 ","
          Pidato Soekarno yang paling mengguncang semangat anak muda adalah, “Beri aku 1.000 orang tua, niscaya kan kucabut semeru dari akarnya. Beri aku 10 pemuda niscaya akan kuguncangkan dunia.” Sang orator ini tidak hanya sekali dua kali membakar semangat juang anak muda saat itu untuk berani bangkit melawan penjajahan, penindasan, dan tindakan yang sewenang-wenang yang terjadi di bumi nusantara di awal 1900-an. Namun, dari banyak buku tentang Soekarno, saya rasa jarang yang merangkum intisari perjuangan sang proklamator ini dengan gaya penceritaan yang apik dan ilustrasi-ilustrasi yang menarik.
Bangsa yang besar adalah bangsa yang tidak melupakan sejarahnya. Dengan membaca kembali kisah ini, saya harap kita dapat memupuk kembali semgangat juang kita dalam membela bangsa dan Negara ini. Semoga dengan ini, kita dapat meneladani perjuangan beliau dan semua pahlawan kita yang sudah berjuang mempertahankan negeri ini smapi titik darah penghabisan. Dan kita sebagai generasi selanjutnya, tugas kita adalah melanjutkan dan mempertahankan persartuan dan kesatuan kita dari rongrongan perpecahan apa pun.        ","{'Kategori': 'Biografi', 'Ketebalan': '320 Halaman', 'Dimensi': '14 x 20 cm', 'Bahasa': 'Indonesia', 'Stock': 'Tersedia', 'Penerbit': 'Anak Hebat Indonesia', 'Penulis': 'Adji Nugroho, S.IP.', 'Berat': '300 gram', 'Product Tags': ' \nanak hebat indonesia\n\n'}",https://www.solusibuku.com/biografi/soekarno-sebuah-biografi.html
53,THE REMARKABLE STORY OF SOEKARNO,"Rp.47,600 ","
          Lahir dengan nama Koesno Sosrodihardjo, putra dari Raden Soekemi Sosrodihardjo dan Ida Ayu Nyoman Rai menjalani masa kecilnya sebagai anak yang sakit-sakitan. Oleh karena itu, keduanya memutuskan untuk mengubah nama sang anak dari “Koesno Sosrodiharjo” menjadi “Soekarno”. Namun siapa yang mengira bahwa nama Karno yang diberikan oleh keduanya justru menjadi nama tokoh kunci dalam kemerdekaan Indonesia beberapa tahun kemudian. Soekarno tumbuh menjadi pemuda yang kuat dan karismatik, bahkan dalam kancah menuju dan pascakemerdekaan, Soekarno terbukti telah lihai dalam memainkan hal-hal penting dalam peran-peran sentral yang ia emban.
Bagi Belanda, sepak terjang Soekarno dalam memperjuangkan kemerdekaan dirasa cukup meresahkan. Sehingga mereka memutuskan untuk menangkap dan mengasingkan Soekarno beberapa kali. Tapi nyatanya, pengalaman ditangkap dan diasingkan oleh Belanda tidak lantas membuat nyali Soekarno menjadi ciut. Bahkan, hal tersebut membuat semangatnya dalam melawan penjajahan semakin ganas.
Semasa kepemimpinannya, Soekarno dikenal sebagai sosok pemimpin yang berkarisma. Tetapi, karisma yang dimiliki sang legenda ini bukanlah sesuatu yang menempel karena predikatnya sebagai seorang presiden atau pejuang. Ini adalah percampuran antara bakat alami dan perjalanan hidup yang berliku.        ","{'Kategori': 'Biografi', 'Ketebalan': '304 Halaman', 'Dimensi': '14 x 20 cm', 'Bahasa': 'Indonesia', 'Stock': 'Tersedia', 'Penerbit': 'Anak Hebat Indonesia', 'Penulis': 'Adimitra Nursalim', 'Berat': '300 gram', 'Product Tags': ' \nanak hebat indonesia\n\n'}",https://www.solusibuku.com/biografi/the-remarkable-story-of-soekarno.html
54,SEPOTONG DUNIA EMHA  LATIEF S NUGRAHA  SHIRA MEDIA,"Rp.55,000 ","
Sebagai seorang tokoh, Emha kini memiliki karisma dan otoritas dalam arena sosialnya sehingga disegani, dipatuhi, dan dituruti imbauan serta ajakannya. Atas dasar keilmuannya di berbagai bidang dan pergulatannya di arena sosial yang luas, ia dijadikan sebagai panutan pengikut bernama Jamaah Maiyah. Berangkat dari hal tersebut, sebuah kajian tentangnya mulai dari pergulatannya hingga capaian posisinya dalam arena sastra dan arena sosial di Indonesia sudah selayaknya untuk dikerjakan.
Tidak hanya persoalan di arena sastra atau seni budaya, tetapi juga persoalan agama, politik, dan persoalan-persoalan lain yang terjadi di Indonesia yang melibatkan dirinya perlu pula dikaji sehingga dimungkinkan akan menguatkan atau justru akan melemahkan posisi dan citra Emha yang sampai saat ini sangat kokoh.
“Ibarat petani, Emha berhasil melakukan ‘usaha’  bercocok tanam padi secara prima. Jenis yang ditanam benar-benar unggul, pembudidayaannya bagus, kualitas hasilnya bagus, berasnya setelah ditanak jadi nasi terasa enak dan memiliki citarasa khas, sehingga diam-diam orang lain memperhatikan dan menyukainya.”
— Iman Budhi Santosa
","{'Kategori': 'Biografi', 'Penyunting': 'LATIEF S. NUGRAHA', 'Ketebalan': '228 HALAMAN', 'Dimensi': '13 X 19 CM', 'Bahasa': 'Indonesia', 'Stock': 'Tersedia', 'Penerbit': 'Shira Media', 'Penulis': 'Latief S Nugraha', 'Berat': '250 gram', 'Product Tags': ' \nBuku 100% Original\nEmha Ainun\nShira Media\n\n'}",https://www.solusibuku.com/biografi/sepotong-dunia-emha-latief-s-nugraha-shira-media.html
55,Mahatma Gandhi Sebuah Autobiografi  Media PressindoNarasi,"Rp.160,000","
""Tak ada hal baru yang bisa kuajarkan kepada dunia. Kebenaran (truth) dan antikekerasan (non-violence) sama tuanya dengan gunung-gunung.""
""...Tuhan adalah kebenaran.""
""...Orang yang tidak murni hatinya tidak dapat melihat Tuhan. Karena itu, proses pemurnian diri tentu harus diupayakan dalam perjalanan hidup. Dan proses pemurnian diri akan mudah mempengaruhi orang-orang yang ada disekitarnya.""
(M.K. Gandhi)
Mahatma Karamchad Gandhi lahir pada 2 Oktober 1869, di Porbandar, India. Berasal dari keluarga kelas menengah kasta Vaishya. Ayahnya bernama Karamchand, ibunya bernama Putlibai. Pada umur 13 tahun, menikahi seorang gadis bernama Kasturbai. Ketika menginjak usia 18 tahun, melanjutkan pendidikannya ke Southampton, Inggris, mengambil jurusan hukum. Bersamaan didikannya ke Southampton, Inggris, mengambil jurusan hukum. Bersamaan dengan itu, dia mulai berminat mempelajari agama. Berbagai kitab serta buku-buku keagamaan- baik Hindu, Kristen, Yahudi, dan Islam-habis dibacanya. Pada 1891, dia lulus dan menjadi seorang pengacara. Ketika kembali ke India, dia membantu proses kemerdekaan India hingga merdeka pada 1947. Pada 30 Januari 1948, dia dibunuh seorang pria Hindu yang marah karena Gandhi menginginkan masyarakat Hindu dan Muslim diberikan hak yang sama.
","{'Kategori': 'Biografi', 'Ketebalan': '160', 'Dimensi': '14 X 20 X 1', 'Bahasa': 'Indonesia', 'Stock': 'Tersedia', 'Penerbit': 'Narasi', 'Penulis': 'Machiavelli', 'Berat': '400 gram', 'Product Tags': ' \nBuku 100% Original.\n\n'}",https://www.solusibuku.com/biografi/mahatma-gandhi-sebuah-autobiografi-media-pressindo-narasi.html
56,Erick Thohir Kisah Perjuangan Dan Isnpirasi,"Rp.36,000 ","
""Pria ini sempat menghebohkan Indonesia lantaran ditunjuk sebagai Presiden Klub Inter Milan. Ia juga memiliki segudang prestasi lainnya yang tak main-main. Bisnisnya di dunia olahraga juga tak kalah hebat, hingga membuat ia didapuk menjadi Menteri BUMN saat ini.
Buku ini mengulik cerita, kiprah, karier, dan perjuangan Erick Thohir, sosok yang telah mengarungi perjalanan panjang untuk bisa mewujudkan hal-hal besar, menorehkan rekor atas sesuatu yang mustahil, bahkan dengan hasil yang cemerlang.""
","{'Kategori': 'Biografi', 'Penyunting': 'A. YOGASWARA & BASKARA A.P', 'Ketebalan': '1 cm', 'Dimensi': '14 x 20 cm', 'Bahasa': 'Indonesia', 'Stock': 'Tersedia', 'Penerbit': 'Checklist', 'Berat': '200 gram', 'Product Tags': ''}",https://www.solusibuku.com/biografi/erick-thohir-kisah-perjuangan-dan-isnpirasi.html
57,Adolf Hitler Pikiran Tindakan Catatan Kelam Sang Ditaktor Yg Disembunyikan,"Rp.51,200 ","
Buku ini berbeda dengan buku lainnya karena menguak secara khusus pikiran dan tindakan Hitler yang tersusun dalam catatan-catatan kelam sejarah pembantaian manusia. Dengan membaca sejarah hidup Hitler, kita berharap agar tragedi seperti itu tidak perlu terulang kembali di hari ini dan di masa mendatang.
 
","{'Kategori': 'Biografi', 'Penyunting': 'M. MUHIBBUDDIN', 'Ketebalan': '1 cm', 'Dimensi': '14 x 21 cm', 'Bahasa': 'Indonesia', 'Stock': 'Tersedia', 'Penerbit': 'Araska Publisher', 'Berat': '300 gram', 'Product Tags': ''}",https://www.solusibuku.com/biografi/adolf-hitler-pikiran-tindakan-catatan-kelam-sang-ditaktor-yg-disembunyikan.html
58,Gus Dur Sang Kosmopolit,"Rp.57,800 ","
""Sudah banyak buku tentang Gus Dur yang telah ditulis, tetapi, masih banyak aspek kehidupannya yang belum diungkap atau perlu dipahami ulang. Itulah yang ingin Harus Salim HS hamparkan dalam esai-esai ini.
Buku ini, bisa dikatakan, berasal dari seorang “pengagum”. Oleh sebab itu, isi dan nadanya kebanyakan lebih bersifat pujian atau setidaknya tanpa pretensi kritik. Saya sangat menyadari posisi ini. Meski demikian, saya tetap berusaha bersikap proporsional agar tak menjadi isapan jempol.""
","{'Kategori': 'Biografi', 'Penyunting': 'Hairus Salim', 'Ketebalan': '186', 'Dimensi': '13 x 19 cm', 'Bahasa': 'Indonesia', 'Stock': 'Tersedia', 'Penerbit': 'EA Books', 'Berat': '200 gram', 'Product Tags': ''}",https://www.solusibuku.com/biografi/gus-dur-sang-kosmopolit.html
59,Catatan Harian,"Rp.85,000 ","
Catatan Harian Todung Mulya Lubis Buku 3. Todung Mulya Lubis tidak mencatat peristiwa secara tunggal, dalam pengertian tidak tertuju pada satu kejadian atau peristiwa tertentu, misalnya hanya mencatat masalah hukum dan penegakan hukum saja. Sebagai salah seorang figur hukum terkemuka di Asia Pasifik, Mulya Lubis pun mencatat peristiwa hak asasi manusia, politik, ekonomi, seni budaya, olahraga, dan peristiwa internasional. Bahkan untuk sejumlah isu politik nasional, catatannya jauh lebih tajam dibandingkan dengan masalah hukum. Tidak hanya itu, Catatan Harian ini mencatat banyak peristiwa, yang mungkin bagi sebagian besar kalangan dinilai tidak penting, bagi Mulya Lubis tetap jadi perhatian sehingga perlu dijadikan catatan.
 
","{'Kategori': 'Biografi', 'Penyunting': 'Todung Mulya Lubis', 'Ketebalan': '609', 'Dimensi': '14 x 21 cm', 'Bahasa': 'Indonesia', 'Stock': 'Tersedia', 'Penerbit': 'Penerbit Circa', 'Berat': '650 gram', 'Product Tags': ''}",https://www.solusibuku.com/biografi/catatan-harian.html
60,Sepenggal Memoar Pablo Neruda,"Rp.63,750 ","
""Neruda menulis memoar, Confieso que he vivido: Memorias, sebuah narasi tentang hidup yang darinya pembaca mungkin berharap bisa mengenal sosok penyair Chile itu dengan lebih baik. Apa yang ada di dalamnya bukan hanya fragmen momenmomen yang sudah dia lalui dalam kegemilangan saja melainkan juga sisi-sisi lain yang mungkin luput dari baris-baris puisinya.
Hal semacam itu justru menjadikan memoarnya ini makin berharga untuk dibaca, bukan sebagai semacam hagiografi melainkan justru sebaliknya: sebagai pengingat bahwa Neruda sebagai penulis memoar berbeda dengan Neruda sebagai penyair, bahwa, sebagaimana dikatakannya, dirinya sebagai penyair memang hidup lebih sebentar daripada dirinya sebagai penulis memoar, tetapi dirinya sebagai penyair justru merekam gambar jauh lebih banyak. —Cep Subhan Km, penyair""
","{'Kategori': 'Biografi', 'Penyunting': 'Pablo Neruda', 'Ketebalan': '162', 'Dimensi': '13 x 19 cm', 'Bahasa': 'Indonesia', 'Stock': 'Tersedia', 'Penerbit': 'Penerbit Circa', 'Berat': '200 gram', 'Product Tags': ''}",https://www.solusibuku.com/biografi/sepenggal-memoar-pablo-neruda.html
61,Wawancara Terakhir,"Rp.55,250 ","
""Dalam kumpulan wawancara ini Marquez menyingkapkan banyak hal baru, langka, dan relatif belum pernah diterjemahkan. Tentang irisan jurnalisme dan sastra, lalu ihwal pilihan politiknya yang kontroversial sekaligus sejumlah topik lebih ringan seperti soal takhayul, ketenaran, dan kitsch. Sebuah potret intim dari salah satu penulis dunia yang paling banyak dikagumi.
García Márquez secara umum dipandang sebagai tokoh utama dari gaya sastra yang dikenal sebagai realisme magis. Sementara banyak dari tulisannya menampilkannya, kita tidak dapat mengategorikan semua tulisannya dalam gaya ini.
García Márquez memulai kariernya sebagai wartawan untuk harian Bogotá, El Espectador, dan belakangan bekerja sebagai koresponden asing di Roma, Paris, Barcelona, Caracas, dan New York City.""
","{'Kategori': 'Biografi', 'Penyunting': 'David Streidfeld', 'Ketebalan': '116', 'Dimensi': '13 x 19 cm', 'Bahasa': 'Indonesia', 'Stock': 'Tersedia', 'Penerbit': 'Penerbit Circa', 'Berat': '200 gram', 'Product Tags': ''}",https://www.solusibuku.com/biografi/wawancara-terakhir.html
62,Inspirasi & Motivasi Steve Jobs,"Rp.39,200 ","
""Rasanya tidak ada yang tak mengenal nama Steve Jobs, sesosok laki-laki yang sukses mewujudkan Apple sebagai pemimpin pasar dunia teknologi. Namun, sebenarnya banyak hal yang masih tidak diketahui publik mengenai Steve Jobs yang banyak dibicarakan hanyalah mengenai keberhasilannya. Padahal di balik itu, ada kisah yang jauh lebih besar.
-> Bagaimana drama dan konflik keluarga yang harus Steve Jobs hadapi sejak berusia bayi?
-> Bagaimana perjalanan masa remajanya yang ternyata dipenuhi perundungan?
-> Bagaimana Steve Jobs menghadapi pengucilan dirinya di tempat kerja?
-> Bagaimana perjalanan Steve Jobs dalam mengelilingi India untuk mendapatkan ketenangan hati?
-> Bagaimana fase-fase jatuh Steve Jobs lantaran terdepak dari Apple?
Semuanya akan sama-sama kita temukan di buku ini. Sambil belajar mengenai bisnis, kita akan belajar bagaimana menjadi manusia yang lebih menghargai kehidupan. Kepercayaan pada diri sendiri adalah hal utama, karena bagaimana kita menilai diri sendiri akan terpancar pada usaha dan hasil uang nantinya kita dapatkan.""
","{'Kategori': 'Biografi', 'Penyunting': 'Irma El-Mira', 'Ketebalan': '170', 'Dimensi': '14 x 21 cm', 'Bahasa': 'Indonesia', 'Stock': 'Tersedia', 'Penerbit': 'Checklist', 'Berat': '250 gram', 'Product Tags': ''}",https://www.solusibuku.com/biografi/inspirasi-motivasi-steve-jobs.html
63,Rumi Kisah Hidup Dan PesanPesannya,"Rp.59,500 ","
""Rumi, seorang manusia yang dilahirkan untuk seluruh umat manusia, berbicara dengan sebuah bahasa yang sangat penting. Seperti pasangan penunjuk arah mata angina, dia memiliki sebuah kaki yang menetap pada nilai-nilai yang dimilikinya sendiri, dan kemudian merangkul semua bangsa di dunia, yang dia pegang sebagai manifestasi dari Cahaya Tuhan. Umat Islam memandang bahwa ajaran Nabi Muhammad telah terwujud dalam diri Rumi; pada saat yang sama, menggambarkan ajaran Nabi Isa bagi umat Nasrani, begitu juga dengan ajaran Nabi Musa bagi umat Yahudi. Sebuah pikiran yang dewasa dan jiwa yang bersemangat telah menyatu dalam dirinya. Ini adalah alasan mengapa dia terutuhkan dalam perasaan-perasaan dan pikiran-pikirannya. Sebgai sebuah panggilan terhadap kebaikan, gaung suaranya masih terdengar sampai saat ini.
Buku ini dibuat untuk memperingati “Tuhan Rumi”. Dua bab pertama menceritakan tentang kehidupan dan karya-karya Rumi. Meski beberapa sumber utama telah diberi acuan, buku ini lebih dimaksudkan untuk menjadi kajian yang informative bagi pembaca, dibandingkan sebagai referensi akademik. Cerita-cerita perumpamaan yang ada pada bab terakhir, utamanya diambil dari Masnawi dan Fihi Mafih, dapat digunakan sebagai pedoman untuk merefleksikan filosofi seorang Rumi.""
","{'Kategori': 'Biografi', 'Penyunting': 'Cihan Okuyucu', 'Ketebalan': '272', 'Dimensi': '14 x 20 cm', 'Bahasa': 'Indonesia', 'Stock': 'Tersedia', 'Penerbit': 'Basa Basi', 'Berat': '300 gram', 'Product Tags': ''}",https://www.solusibuku.com/biografi/rumi-kisah-hidup-dan-pesan-pesannya.html
64,Syekh Siti Jenar Sejarah Ajaran Dan Kidah Kematian Yang Kontroversial,"Rp.55,600 ","
Buku ini secara khusus membahas tentang sejarah hidup Syekh Siti Jenar, ajaran-ajarannya dan kisah kematian yang kontroversial.
Di dalam buku ini disajikan data-data yang otentik sehingga validitas data yang disajikan dapat dipertanggungjawabkan. Dengan membaca buku ini, Anda akan mengetahui kisah sebenarnya dari sosok kontroversial Syekh Siti Jenar.
","{'Kategori': 'Biografi', 'Penyunting': 'Gugun El Guyane, S.Hi., Ll.M.', 'Ketebalan': '296', 'Dimensi': '14 x 21 cm', 'Bahasa': 'Indonesia', 'Stock': 'Tersedia', 'Penerbit': 'Araska Publisher', 'Berat': '300 gram', 'Product Tags': ''}",https://www.solusibuku.com/biografi/syekh-siti-jenar-sejarah-ajaran-dan-kidah-kematian-yang-kontroversial.html
65,Jimi Hendrix,"Rp.47,200 ","
Jimi Hendrix adalah salah satu musikus paling berpengaruh di dunia. Ia merupakan seorang gitaris, penyanyi, dan penulis lagu. Jimi sudah ditahbiskan sebagai gitaris terbaik dalam sejarah musik rock n' roll. Ia adalah orang pertama yang mengenalkan feedback sound di dunia rock sehingga berkembang dan terus digunakan hingga sekarang. Jimi memainkan gitarnya dengan pola yang khas. Ia mengombinasikan rock n' roll, blues, dan funk. Ia juga sering tampil dengan gaya dan fesyen yang unik. Atraksi panggungnya bukan hanya menampilkan teknik bermain gitar tetapi juga sebuah paket show yang membius dan atraktif. Tidak heran jika dia menjadi inspirasi bagi para gitaris di mana pun.
","{'Kategori': 'Biografi', 'Penyunting': 'Gilbert Chocky', 'Ketebalan': '148', 'Dimensi': '13 x 19 cm', 'Bahasa': 'Indonesia', 'Stock': 'Tersedia', 'Penerbit': 'Second Hope', 'Berat': '0 gram', 'Product Tags': ''}",https://www.solusibuku.com/biografi/jimi-hendrix.html
66,Eminem,"Rp.47,200 ","
Eminem adalah seorang rapper, penulis lagu, aktor, dan produser rekaman. Namun, pria dengan nama asli Marshall Bruce Mathers III ini lebih dikenal sebagai salah satu rapper profesional paling sukses sepanjang masa. Dia mendapatkan posisi ke-83 dalam """"100 Greatest Artist of All Time"""" versi majalah Rolling Stone. Siapa yang menyangka bahwa seorang laki-laki berambut pirang dan bermata biru dari Detorit, Michigan, Amerika Serikat mampu menguasai dunia hip-hop yang didominasi orang-orang kulit hitam. Namun, memang tidak mudah bagi Eminem untuk mendapatkannya. Dia akhirnya berhasil meruntuhkan keraguan banyak pihak yang sudah sejak lama menganggap musik rap hanya bisa dilakukan oleh orang-orang kulit hitam. *** Buku ini akan menceritakan kisah Eminem sebelum memperoleh kehidupan gemerlap dengan uang dan popularitas.
","{'Kategori': 'Biografi', 'Penyunting': 'Gilbert Chocky', 'Ketebalan': '164', 'Dimensi': '13 x 19 cm', 'Bahasa': 'Indonesia', 'Stock': 'Tersedia', 'Penerbit': 'Second Hope', 'Berat': '0 gram', 'Product Tags': ''}",https://www.solusibuku.com/biografi/eminem.html
67,Chester Bennington,"Rp.47,200 ","
Tanggal 20 Juli 2017 menjadi hari paling menyedihkan bagi para penggemar band Linkin Park. Pada hari itu vokalis mereka, Chester Bennington, meninggal dunia dalam usia 41 tahun. Dia mengakhiri hidupnya dengan cara gantung diri. Kabar kematian Chester menghebohkan publik, terutama pencinta musik dan penggemar Linkin Park. Keluarga dan para sahabat dekatnya tidak menyangka dia melakukan bunuh diri. Bahkan rekannya, Mike Shinoda, merasa sangat terkejut. Semua kemarahan Chester tercermin dari gayanya dalam menyanyi. Dia menjadi ikon kemarahan, kecemasan, dan kegundahan anak muda era 2000-an. Lirik-liriknya menggambarkan kemarahan dan perasaan depresi yang dirasakan oleh banyak anak muda. Teriakannya adalah pelepasan dari amarah yang tertahan. *** Selamat membaca kisah tentang seorang manusia yang hidupnya kelam. Semoga kita dapat mengambil pelajaran berharga dari Chester Bennington.
","{'Kategori': 'Biografi', 'Penyunting': 'Gilbert Chocky', 'Ketebalan': '148', 'Dimensi': '13 x 19 cm', 'Bahasa': 'Indonesia', 'Stock': 'Tersedia', 'Penerbit': 'Second Hope', 'Berat': '200 gram', 'Product Tags': ''}",https://www.solusibuku.com/biografi/chester-bennington.html
68,Kurt Cobain,"Rp.55,200 ","
Buku ini adalah kisah lengkap tentang Kurt Kobain, musisi legendaris da sosok yang berpengaruh di dunia. Buku ini memberikan gambaran lengkap dan utuh tentang Kurt Kobain mulai dari Riwayat hidu, karir musik, konflik, intrik, misteri kematian, serta segala hal yang berhubungan dengan pemimpin Band Nirvana tersebut.
","{'Kategori': 'Biografi', 'Penyunting': 'Tim Penyunting', 'Ketebalan': '288 halaman', 'Dimensi': '21x14 cm', 'Bahasa': 'bahasa indonesia', 'Stock': 'Tersedia', 'Penerbit': 'Second Hope', 'Penulis': 'Gilbert Chocky', 'Berat': '600 gram', 'Product Tags': ' \nbuku pengetahuan sosial\ngilbert chocky\npengetahuan sosial\nsecond hope\n\n'}",https://www.solusibuku.com/biografi/kurt-cobain.html
69,Bob Marley,"Rp.47,200 ","
Sudah lebih dari empat dekade sejak kematiannya, nama Bob Marley masih berkibar. Namanya melegenda sebagaimana John Lennon, Janis Joplin, Jim Morrison, Joe Strummer, Freddie Mercury, Michael Jackson, dan Kurt Cobain. Bob adalah musikus terbesar Jamaika dan salah satu yang terbesar di dunia. Album-albumnya terjual jutaan keping. Lagu-lagunya berkumandang pada setiap zaman. Bob sudah membawakan lagu-lagunya kepada ratusan juta penikmat musik di Asia, Eropa, dan Amerika Latin. Dia juga mendapat gelar King of Reggae. Bahkan dia berperan dalam memopulerkan dan menyebarkan gerakan Rastafari ke seluruh dunia. Namanya melekat dengan reggae dan Rastafari. *** Buku ini mengisahkan tentang sosok dan perjuangan Bob Marley yang sudah menghasilkan karya-karya yang jujur dan revolusioner. Kreativitasnya tersebut menginspirasi banyak orang.
","{'Kategori': 'Biografi', 'Penyunting': 'Gilbert Chocky', 'Ketebalan': '178', 'Dimensi': '13 x 19 cm', 'Bahasa': 'Indonesia', 'Stock': 'Tersedia', 'Penerbit': 'Second Hope', 'Berat': '200 gram', 'Product Tags': ''}",https://www.solusibuku.com/biografi/bob-marley.html
70,Jim Morrison,"Rp.47,200 ","
Hidup adalah anugerah yang sangat bernilai dari Tuhan. Setiap orang dapat menggunakan masa kehidupannya untuk mencapai impian dan kebahagiaan. Begitu juga dengan para musikus yang mendedikasikan hidup mereka demi menciptakan karya musik yang luar biasa. Karya-karya mereka dapat memiliki makna yang mendalam sehingga mereka menuntun para pendengarnya ke wilayah imajinatif yang tak pernah mereka bayangkan atau harapkan sebelumnya. Tidak semua musikus mampu bertahan lama dalam berkarya. Banyak musikus muda yang hebat tapi meninggalkan kehidupannya terlalu cepat. Salah satunya adalah Jim Morrison, vokalis band The Doors. Jim adalah symbol rock n' roll yang abadi. Dia sudah menghidupkan musik rock dunia sehingga gaung music tersebut tetap hidup sampai sekarang. The Doors menggabungkan musik rock dengan lirik-lirik lagu yang bernuansa gelap. Pada titik itulah Jim memberikan kontribusinya sehingga band tersebut menjadi salah satu band terbesar di dalam sejarah rock n' roll.
","{'Kategori': 'Biografi', 'Penyunting': 'Gilbert Chocky', 'Ketebalan': '160', 'Dimensi': '13 x 19 cm', 'Bahasa': 'Indonesia', 'Stock': 'Tersedia', 'Penerbit': 'Second Hope', 'Berat': '200 gram', 'Product Tags': ''}",https://www.solusibuku.com/biografi/jim-morrison.html
71,Axl Rose,"Rp.47,200 ","
Skena musik internasional pada tahun 1980-an dan 1990-an dikuasai oleh beberapa band rock yang hebat dan terkenal. Salah satunya adalah Guns N' Roses yang pernah mendapat julukan """"Band Paling Berbahaya di Dunia"""". Mereka adalah band yang membawa warna lain dalam genre rock karena menggabungkan punk, blues, thrash metal, dan rock n' roll. GNR dikenal sebagai band yang brutal, nakal, dan kasar. Tapi kadang-kadang mereka juga lucu, rentan, bahkan sensitif. Semua itu tampak dalam sikap para personelnya, terutama Axl Rose. Axl adalah orang yang sering bermasalah dengan apparat kepolisian. Dia pernah dipenjarakan ketika masih berusia remaja di Lafayette, Indiana. Setelah itu, dia pindah ke Los Angeles pada tahun 1982. Tiga tahun kemudian, dia dan kawan-kawannya mendirikan GNR yang lantas meraih kesuksesan dan menjalani kehidupan rockstar. *** Buku ini merupakan kisah lengkap Axl Rose sejak dia belum menjadi musikus rock yang kontroversial. Semua hal yang berkaitan dengan dirinya dikupas secara tuntas.
","{'Kategori': 'Biografi', 'Penyunting': 'Gilbert Chocky', 'Ketebalan': '156', 'Dimensi': '13 x 19 cm', 'Bahasa': 'Indonesia', 'Stock': 'Tersedia', 'Penerbit': 'Second Hope', 'Berat': '200 gram', 'Product Tags': ''}",https://www.solusibuku.com/biografi/axl-rose.html
72,Courtney Love,"Rp.47,200 ","
Courtney Love adalah legenda hidup skena rock Amerika Serikat dan dunia. Ia dikenal sebagai pendiri band rock alternatif Hole. Ia juga seorang aktris yang sudah membintangi banyak film dan pernah masuk nominasi Golden Globe Awards. Walaupun lama terlibat dalam ketergantungan pada narkoba, Courtney adalah seniman yang andal. Ia merupakan seorang penyanyi, penulis lagu, produser musik, produser film, dan aktris. *** Buku ini menceritakan perjalanan hidup Courtney dengan segala obsesi dan kontroversinya. Banyak kisah menarik yang terdapat di dalamnya, termasuk pengakuannya bahwa ia sebenarnya selalu menginginkan kedamaian dalam hidupnya dan enggan untuk selalu bergaya urakan.
","{'Kategori': 'Biografi', 'Penyunting': 'Gilbert Chocky', 'Ketebalan': '156', 'Dimensi': '13 x 19 cm', 'Bahasa': 'Indonesia', 'Stock': 'Tersedia', 'Penerbit': 'Second Hope', 'Berat': '200 gram', 'Product Tags': ''}",https://www.solusibuku.com/biografi/courtney-love.html
73,Dave Grohl,"Rp.47,200 ","
Dave memang memiliki sejarah yang besar dengan Nirvana. Dia adalah drummer band grunge legendaris tersebut pada tahun 1990—1994. Tapi dia juga memiliki kehormatan bersama Foo Fighters. Selain itu kehidupannya memang positif. Dia bukanlah tipe Rockstar yang kacau karena narkoba. Itulah sebab dia dikenal sebagai musikus yang baik dan tidak gila popularitas. *** Buku ini mengajak pembaca untuk memasuki kehidupan Dave Grohl. Dia layak menjadi contoh yang baik tentang dedikasi dan konsistensi terhadap kewajiban sebagai manusia untuk hidup mandiri. Dia juga menegaskan bahwa passion adalah segalanya. Dan musik adalah jiwanya.
","{'Kategori': 'Biografi', 'Penyunting': 'Gilbert Chocky', 'Ketebalan': '172', 'Dimensi': '13 x 19 cm', 'Bahasa': 'Indonesia', 'Stock': 'Tersedia', 'Penerbit': 'Second Hope', 'Berat': '250 gram', 'Product Tags': ''}",https://www.solusibuku.com/biografi/dave-grohl.html
74,Sid Vicious,"Rp.47,200 ","
Sid Vicious adalah salah satu sosok yang paling sensasional dan paling kontroversial di dunia rock. Namanya dicetak tebal dalam sejarah musik. Apalagi dia bergabung dengan Sex Pistols, sebuah band punk rock yang menjadi simbol pemberontakan dan kebebasan. Perjalanan hidup Sid dipenuhi dengan vandalisme, kekerasan, dan kekacauan. Namun tidak sedikit orang yang justru memujanya bahkan sesudah dia meninggal dunia pada tahun 1979. Sid lahir sebagai anak tunggal dari seorang ibu yang mencandu narkoba. Ayahnya sudah meninggalkannya sejak dia masih kanak-kanak. Lantas dia menemukan kebahagiaannya sendiri di dalam skena punk di London, Inggris. Sejak itulah dia semakin tenggelam dalam gaya hidup penuh kebebasan.
","{'Kategori': 'Biografi', 'Penyunting': 'Gilbert Chocky', 'Ketebalan': '140', 'Dimensi': '13 x 19 cm', 'Bahasa': 'Indonesia', 'Stock': 'Tersedia', 'Penerbit': 'Second Hope', 'Berat': '200 gram', 'Product Tags': ''}",https://www.solusibuku.com/biografi/sid-vicious.html
75,John Lennon,"Rp.47,200 ","
Bersama The Beatles, John Lennon berhasil mencetak banyak lagu hits dan mencapai popularitas tertinggi dalam dunia musik. Namun dia juga menjadi kontroversi. Dia pernah berkata bahwa The Beatles lebih populer daripada Yesus Kristus. Pernyataan ini membuat band tersebut dicekal di radio-radio. Album-album mereka pun dibakar oleh orang-orang yang tidak menyukai pernyataan yang melukai kaum Kristiani tersebut. John akhirnya meminta maaf di hadapan publik walaupun dia mengakui bahwa pernyataan itu hanyalah kelakar. Perjalanan John Lennon bersama The Beatles berhenti pada tahun 1970. The Beatles bubar, dan John memilih untuk berkarier solo. Warga dunia lalu mengenalnya sebagai musisi sekaligus aktivis perdamaian. Dia mewujudkan pemikirannya perihal dunia yang damai melalui lagu-lagu semisal """"Give Peace a Chance"""" dan """"Imagine"""". Hingga saat ini kedua lagu tersebut menjadi simbol Gerakan perdamaian. *** Buku ini memotret kehidupan John Lennon selama 40 tahun sebelum akhirnya dia meninggal dunia akibat penembakan yang dilakukan oleh Mark David Chapman.
","{'Kategori': 'Biografi', 'Penyunting': 'Gilbert Chocky', 'Ketebalan': '148', 'Dimensi': '13 x 19 cm', 'Bahasa': 'Indonesia', 'Stock': 'Tersedia', 'Penerbit': 'Second Hope', 'Berat': '200 gram', 'Product Tags': ''}",https://www.solusibuku.com/biografi/john-lennon.html
76,Salvador Dali  I Am Surealism,"Rp.55,250 ","
Salvador Dali, dalam beberapa tahun terakhir """"dirayakan"""" kembali setelah wajahnya dijadikan topeng di serial La Casa de Papel atau Money Heist yang mendunia itu. Siapakah Salvador Dali? Mengapa sosoknya dijadikan ikon serial Money Heist, yang bahkan kini topeng dirinya ditemui di banyak aksi protes di berbagai belahan daerah? 
Kisah hidup Salvador Dali, sang pelopor aliran seni surealis ini coba dibahas di buku ini. Tak sekadar perjalanannya sebagai seniman dan pembahasan karya-karyaya, namun juga bagaimana masa kecilnya, kisah cintanya, relasi dan perseteruan dengan teman-temannya, hingga kaitannya dengan situasi politik saat ia hidup. Membaca kepingan-kepingan kisah Dali, persis seperti melihat karya-karyanya: nyentrik dan kontroversial. Salvador Dali I Am Surealism.
","{'Kategori': 'Biografi', 'Penyunting': 'Adelina Z. Rosa', 'Ketebalan': '213', 'Dimensi': '13 x 20 cm', 'Bahasa': 'Indonesia', 'Stock': 'Tersedia', 'Penerbit': 'Warning', 'Berat': '250 gram', 'Product Tags': ''}",https://www.solusibuku.com/biografi/salvador-dali-i-am-surealism.html
77,Frida Kahlo Viva La Vida,"Rp.55,250 ","
Sepanjang hidupnya, Frida Kahlo kerap bersinggungan dengan penderitaan. Namun dari situ dia mulai belajar melukis, menuangkan rasa sakit dan kisah hidupnya yang tragis dalam setiap goresan cat dengan warna-warna cerah dan berani. Sejak itu pula, dia mulai menubah karakter dirinya untuk memnarik perhatian. Dia tampil dengan pakaian Tehuana khas Meksiko, dengan perilaku sosial yang kerap kali memberontak. Frida menjadi salah satu seniman perempuan yang menjadi simbol budaya tanding hingga saat ini.
Buku ini menceritakan perjalanan hidup Frida yang singkat tetapi memberi banyak dampak. Bagaimana masa kecilnya yang penuh penderitaan, proses kreatifnya dalam berkarya, pengaruh pemikirannya, dan hubungannya dengan berbagai tokoh penting, hingga hubungan pribadinya dengan sang kekasih yang penuh gejolak politik.
","{'Kategori': 'Biografi', 'Penyunting': 'DT Jatmiko ', 'Ketebalan': '204', 'Dimensi': '14 x 21 cm', 'Bahasa': 'Indonesia', 'Stock': 'Tersedia', 'Berat': '250 gram', 'Product Tags': ''}",https://www.solusibuku.com/biografi/frida-kahlo-viva-la-vida.html
78,Pramoedya Ananta Toer Yang Berumah Dalam Buku,"Rp.65,000","
Buku ini merupakan penyempurnaan dari Ideologi Saya Adalah Pramis: Sosok, Pikiran, dan Tindakan Pramoedya Ananta Toer yang terbit medio 2016.
Di sini Muhidin M Dahlan berusaha untuk menghadirkan Pramoedya dari dekat sekali. Dari sudut pandang yang paling intim dan kemput sehingga pembacanya seperti menyaksikan Pram duduk di kursi ruang makan, menyilangkan kaki, dan menghisap kretek untuk bersiap menceritakan kisah hidupnya.
Buku yang sedang Anda pegang berisi 50 catatan Muhidin tentang Pram. Membacanya membuat kita paham bahwa--bagi Pram--menulis adalah melawan. Dan, sebaik-baiknya perlawanan adalah dengan menjadi manusia merdeka.
Begitulah, melalui karya-karyanya, Pram membangun persepsi baru tentang Indonesia, Nusantara, dan yang terpenting tentang manusia merdeka. Bahwa Pramis yang dimaksud Muhidin merupakan paham (isme) untuk bergantung pada diri sendiri: merdeka dari manusia lain tak terkecuali dari Pram sendiri.
","{'Kategori': 'Biografi', 'Penyunting': 'Muhidin M. Dahlan', 'Ketebalan': '212', 'Dimensi': '14 x 20', 'Bahasa': 'Indonesia', 'Stock': 'Tersedia', 'Penerbit': 'Warning', 'Berat': '300 gram', 'Product Tags': ''}",https://www.solusibuku.com/biografi/pramoedya-ananta-toer-yang-berumah-dalam-buku.html
79,Buku Goresan Seorang Berandal Mohan Hazian Shira Media Free Sticker Pack,"Rp.99,000 ","
Goresan Seorang Berandal menjadi buku ketiga yang ditulis Mohan Hazian. Dia menegaskan, jika kamu mengharapkan cerita motivasi tentang memulai berdagang atau bagaimana cara membangun sebuah merek pakaian, jawabannya tidak ada di dalam buku ini. Sebab, buku ini ditulis saat hatinya gembira dan apa pun yang sedang ada di kepalanya. Bisa dibilang, kita akan mengenal Mohan dari membaca buku ini.
Dengan bahasa yang sangat quote-able, Mohan menggandeng Gindring Wasted untuk mengisi ilustrasi di dalam buku ini, sehingga buku ini semakin apik dan memanjakan mata. Keduanya menjadi paket komplet untuk menyadarkanmu tentang banyak hal, yang tentunya semua itu dikemas dengan narasi nampol-able.
#1
Aku selalu bekerja
lebih pagi
dan tidak langsung
membuka sosial media.
Karena di pagi hari belum
ada orang yang menyindirku,
atau menanyakan kapan aku
menikah, kapan akan punya anak.
Pagi hari aku memulai semuanya saat hatiku masih tersenyum dan belum ada yang melukainya.
","{'Kategori': 'Biografi', 'Ketebalan': ' 144 Hal', 'Dimensi': '14,5 x 18 x 1 cm', 'Bahasa': 'Indonesia', 'Stock': 'Tersedia', 'Penerbit': 'Shira Media', 'Berat': '500 gram', 'Product Tags': ''}",https://www.solusibuku.com/biografi/buku-goresan-seorang-berandal-mohan-hazian-shira-media-free-sticker-pack.html
80,John Lennon Seri Musisi Dunia,"Rp.47,200 ","
Bersama The Beatles, John Lennon berhasil mencetak banyak lagu hits dan mencapai popularitas tertinggi dalam dunia musik. Namun dia juga menjadi kontroversi. Dia pernah berkata bahwa The Beatles lebih populer daripada Yesus Kristus. Pernyataan ini membuat band tersebut dicekal di radio-radio. Album-album mereka pun dibakar oleh orang-orang yang tidak menyukai pernyataan yang melukai kaum Kristiani tersebut. John akhirnya meminta maaf di hadapan publik walaupun dia mengakui bahwa pernyataan itu hanyalah kelakar. Perjalanan John Lennon bersama The Beatles berhenti pada tahun 1970. The Beatles bubar, dan John memilih untuk berkarier solo. Warga dunia lalu mengenalnya sebagai musisi sekaligus aktivis perdamaian. Dia mewujudkan pemikirannya perihal dunia yang damai melalui lagu-lagu semisal ""Give Peace a Chance"" dan ""Imagine"". Hingga saat ini kedua lagu tersebut menjadi simbol Gerakan perdamaian. 
Buku ini memotret kehidupan John Lennon selama 40 tahun sebelum akhirnya dia meninggal dunia akibat penembakan yang dilakukan oleh Mark David Chapman.
","{'Kategori': 'Biografi', 'Ketebalan': '148 hlm', 'Dimensi': '13 x 19', 'Bahasa': 'Indonesia', 'Stock': 'Tersedia', 'Berat': '500 gram', 'Product Tags': ''}",https://www.solusibuku.com/biografi/john-lennon-seri-musisi-dunia.html
81,Jimi Hendrix Seri Musisi Dunia,"Rp.47,200 ","
Jimi Hendrix adalah salah satu musikus paling berpengaruh di dunia. Ia merupakan seorang gitaris, penyanyi, dan penulis lagu. Jimi sudah ditahbiskan sebagai gitaris terbaik dalam sejarah musik rock n' roll. Ia adalah orang pertama yang mengenalkan feedback sound di dunia rock sehingga berkembang dan terus digunakan hingga sekarang. Jimi memainkan gitarnya dengan pola yang khas. Ia mengombinasikan rock n' roll, blues, dan funk. Ia juga sering tampil dengan gaya dan fesyen yang unik. Atraksi panggungnya bukan hanya menampilkan teknik bermain gitar tetapi juga sebuah paket show yang membius dan atraktif. Tidak heran jika dia menjadi inspirasi bagi para gitaris di mana pun.
","{'Kategori': 'Biografi', 'Ketebalan': '148', 'Dimensi': '13 x 19 cm', 'Bahasa': 'Indonesia', 'Stock': 'Tersedia', 'Penerbit': 'Second Hope', 'Berat': '200 gram', 'Product Tags': ''}",https://www.solusibuku.com/biografi/jimi-hendrix-seri-musisi-dunia.html
82,Eminem Seri Musisi Dunia,"Rp.47,200 ","
Eminem adalah seorang rapper, penulis lagu, aktor, dan produser rekaman. Namun, pria dengan nama asli Marshall Bruce Mathers III ini lebih dikenal sebagai salah satu rapper profesional paling sukses sepanjang masa. Dia mendapatkan posisi ke-83 dalam ""100 Greatest Artist of All Time"" versi majalah Rolling Stone. Siapa yang menyangka bahwa seorang laki-laki berambut pirang dan bermata biru dari Detorit, Michigan, Amerika Serikat mampu menguasai dunia hip-hop yang didominasi orang-orang kulit hitam. Namun, memang tidak mudah bagi Eminem untuk mendapatkannya. Dia akhirnya berhasil meruntuhkan keraguan banyak pihak yang sudah sejak lama menganggap musik rap hanya bisa dilakukan oleh orang-orang kulit hitam.
***
Buku ini akan menceritakan kisah Eminem sebelum memperoleh kehidupan gemerlap dengan uang dan popularitas.
","{'Kategori': 'Biografi', 'Ketebalan': '164', 'Dimensi': '13 x 19 cm', 'Bahasa': 'Indonesia', 'Stock': 'Tersedia', 'Penerbit': 'Second Hope', 'Berat': '250 gram', 'Product Tags': ''}",https://www.solusibuku.com/biografi/eminem-seri-musisi-dunia.html
83,Chester Bennington Seri Musisi Dunia,"Rp.47,200 ","
Tanggal 20 Juli 2017 menjadi hari paling menyedihkan bagi para penggemar band Linkin Park. Pada hari itu vokalis mereka, Chester Bennington, meninggal dunia dalam usia 41 tahun. Dia mengakhiri hidupnya dengan cara gantung diri. Kabar kematian Chester menghebohkan publik, terutama pencinta musik dan penggemar Linkin Park. Keluarga dan para sahabat dekatnya tidak menyangka dia melakukan bunuh diri. Bahkan rekannya, Mike Shinoda, merasa sangat terkejut. Semua kemarahan Chester tercermin dari gayanya dalam menyanyi. Dia menjadi ikon kemarahan, kecemasan, dan kegundahan anak muda era 2000-an. Lirik-liriknya menggambarkan kemarahan dan perasaan depresi yang dirasakan oleh banyak anak muda. Teriakannya adalah pelepasan dari amarah yang tertahan.
***
Selamat membaca kisah tentang seorang manusia yang hidupnya kelam. Semoga kita dapat mengambil pelajaran berharga dari Chester Bennington.
","{'Kategori': 'Biografi', 'Ketebalan': '14', 'Dimensi': '13 x 19 cm', 'Bahasa': 'Indonesia', 'Stock': 'Tersedia', 'Penerbit': 'Second Hope', 'Berat': '200 gram', 'Product Tags': ''}",https://www.solusibuku.com/biografi/chester-bennington-seri-musisi-dunia.html
84,Kurt Cobain Seri Musisi Dunia,"Rp.47,200 ","
Walaupun meninggal dunia di usia 27 tahun, Kurt mempunyai jejak menarik dan unik untuk diketahui oleh siapa pun. Dia lahir dari keluarga kelas pekerja, dibesarkan oleh kerasnya kehidupan, dan berjuang mempertahankan diri di tengah impitan lingkungan yang tidak disukainya. Kurt adalah pribadi yang kompleks. Terlampau banyak kekecewaan yang dia alami: perceraian kedua orang tuanya, industri rekaman yang penuh intrik, dunia hiburan yang penuh tipuan, juga heroin yang memperbudaknya bertahun-tahun.
***
Buku ini memberikan gambaran lengkap dan utuh tentang Kurt Cobain. Anda akan diajak menelusuri kehidupannya secara total. Jauh sebelum semua orang di semua negara mengenal sosoknya, Kurt sudah memiliki potensi dan kekhasan yang berbeda dengan orang lain. Dia sangat berbakat di bidang musik, mampu membuat karya seni rupa yang baik, dan punya kecerdasan intelektual yang mumpuni.
","{'Kategori': 'Biografi', 'Ketebalan': '164', 'Dimensi': '13 x 19 cm', 'Bahasa': 'Indonesia', 'Stock': 'Tersedia', 'Penerbit': 'Second Hope', 'Berat': '250 gram', 'Product Tags': ''}",https://www.solusibuku.com/biografi/kurt-cobain-seri-musisi-dunia.html
85,Bob Marley Seri Musisi Dunia,"Rp.47,200 ","
Sudah lebih dari empat dekade sejak kematiannya, nama Bob Marley masih berkibar. Namanya melegenda sebagaimana John Lennon, Janis Joplin, Jim Morrison, Joe Strummer, Freddie Mercury, Michael Jackson, dan Kurt Cobain. Bob adalah musikus terbesar Jamaika dan salah satu yang terbesar di dunia. Album-albumnya terjual jutaan keping. Lagu-lagunya berkumandang pada setiap zaman. Bob sudah membawakan lagu-lagunya kepada ratusan juta penikmat musik di Asia, Eropa, dan Amerika Latin. Dia juga mendapat gelar King of Reggae. Bahkan dia berperan dalam memopulerkan dan menyebarkan gerakan Rastafari ke seluruh dunia. Namanya melekat dengan reggae dan Rastafari.
***
Buku ini mengisahkan tentang sosok dan perjuangan Bob Marley yang sudah menghasilkan karya-karya yang jujur dan revolusioner. Kreativitasnya tersebut menginspirasi banyak orang.
","{'Kategori': 'Biografi', 'Ketebalan': '172', 'Dimensi': '13 x 19 cm', 'Bahasa': 'Indonesia', 'Stock': 'Tersedia', 'Penerbit': 'Second Hope', 'Berat': '250 gram', 'Product Tags': ''}",https://www.solusibuku.com/biografi/bob-marley-seri-musisi-dunia.html
86,Jim Morrison Seri Musisi Dunia,"Rp.47,200 ","
Hidup adalah anugerah yang sangat bernilai dari Tuhan. Setiap orang dapat menggunakan masa kehidupannya untuk mencapai impian dan kebahagiaan. Begitu juga dengan para musikus yang mendedikasikan hidup mereka demi menciptakan karya musik yang luar biasa. Karya-karya mereka dapat memiliki makna yang mendalam sehingga mereka menuntun para pendengarnya ke wilayah imajinatif yang tak pernah mereka bayangkan atau harapkan sebelumnya. Tidak semua musikus mampu bertahan lama dalam berkarya. Banyak musikus muda yang hebat tapi meninggalkan kehidupannya terlalu cepat. Salah satunya adalah Jim Morrison, vokalis band The Doors. Jim adalah symbol rock n' roll yang abadi. Dia sudah menghidupkan musik rock dunia sehingga gaung music tersebut tetap hidup sampai sekarang. The Doors menggabungkan musik rock dengan lirik-lirik lagu yang bernuansa gelap. Pada titik itulah Jim memberikan kontribusinya sehingga band tersebut menjadi salah satu band terbesar di dalam sejarah rock n' roll.
","{'Kategori': 'Biografi', 'Ketebalan': '160', 'Dimensi': '13 x 19 cm', 'Bahasa': 'Indonesia', 'Stock': 'Tersedia', 'Penerbit': 'Second Hope', 'Berat': '250 gram', 'Product Tags': ''}",https://www.solusibuku.com/biografi/jim-morrison-seri-musisi-dunia.html
87,Axl Rose Seri Musisi Dunia,"Rp.47,200 ","
Skema musik internasional pada tahun 1980-an dan 1990-an dikuasai oleh beberapa band rock yang hebat dan terkenal. Salah satunya adalah Guns N' Roses yang pernah mendapat julukan ""Band Paling Berbahaya di Dunia"". Mereka adalah band yang membawa warna lain dalam
genre rock karena menggabungkan punk, blues, thrash metal, dan rock n' roll. GNR dikenal sebagai band yang brutal, nakal, dan kasar. Tapi kadang-kadang mereka juga lucu, rentan, bahkan sensitif. Semua itu tampak dalam sikap para personelnya, terutama Axl Rose. Axl adalah orang yang sering bermasalah dengan apparat kepolisian. Dia pernah dipenjarakan ketika masih berusia remaja di Lafayette, Indiana. Setelah itu, dia pindah ke Los Angeles pada tahun 1982. Tiga tahun kemudian, dia dan kawan-kawannya mendirikan GNR yang lantas meraih kesuksesan dan menjalani kehidupan rockstar.
***
Buku ini merupakan kisah lengkap Axl Rose sejak dia belum menjadi musikus rock yang kontroversial. Semua hal yang berkaitan dengan dirinya dikupas secara tuntas.
","{'Kategori': 'Biografi', 'Ketebalan': '156', 'Dimensi': '13 x 19 cm', 'Bahasa': 'Indonesia', 'Stock': 'Tersedia', 'Penerbit': 'Second Hope', 'Berat': '200 gram', 'Product Tags': ''}",https://www.solusibuku.com/biografi/axl-rose-seri-musisi-dunia.html
88,Courtney Love Seri Musisi Dunia,"Rp.47,200 ","
Courtney Love adalah legenda hidup skena rock Amerika Serikat dan dunia. Ia dikenal sebagai pendiri band rock alternatif Hole. Ia juga seorang aktris yang sudah membintangi
banyak film dan pernah masuk nominasi Golden Globe Awards. Walaupun lama terlibat dalam ketergantungan pada narkoba, Courtney adalah seniman yang andal. Ia merupakan seorang penyanyi, penulis lagu, produser musik, produser film, dan aktris.
***
Buku ini menceritakan perjalanan hidup Courtney dengan segala obsesi dan kontroversinya. Banyak kisah menarik yang terdapat di dalamnya, termasuk pengakuannya bahwa ia sebenarnya selalu menginginkan kedamaian dalam hidupnya dan enggan untuk selalu bergaya urakan.
","{'Kategori': 'Biografi', 'Ketebalan': '156', 'Dimensi': '13 x 19 cm', 'Bahasa': 'Indonesia', 'Stock': 'Tersedia', 'Penerbit': 'Second Hope', 'Berat': '200 gram', 'Product Tags': ''}",https://www.solusibuku.com/biografi/courtney-love-seri-musisi-dunia.html
89,Dave Grohl Seri Musisi Dunia,"Rp.47,200 ","
Dave memang memiliki sejarah yang besar dengan Nirvana. Dia adalah drummer band grunge legendaris tersebut pada tahun 1990—1994. Tapi dia juga memiliki kehormatan bersama Foo Fighters. Selain itu kehidupannya memang positif. Dia bukanlah tipe Rockstar yang kacau karena narkoba. Itulah sebab dia dikenal sebagai musikus yang baik dan tidak gila popularitas.
***
Buku ini mengajak pembaca untuk memasuki kehidupan Dave Grohl. Dia layak menjadi contoh yang baik tentang dedikasi dan konsistensi terhadap kewajiban sebagai manusia untuk hidup mandiri. Dia juga menegaskan bahwa passion adalah segalanya. Dan musik adalah jiwanya.
","{'Kategori': 'Biografi', 'Ketebalan': '172', 'Dimensi': '13 x 19 cm', 'Bahasa': 'Indonesia', 'Stock': 'Tersedia', 'Penerbit': 'Second Hope', 'Berat': '250 gram', 'Product Tags': ''}",https://www.solusibuku.com/biografi/dave-grohl-seri-musisi-dunia.html
90,Semesta Murakami,"Rp.58,000","
Haruki Murakami, bukan hanya penulis Jepang paling eksperimental yang karya-karyanya telah diterjemahkan ke dalam berbagai bahasa, tetapi juga yang paling populer. Novel-novel terhebatnya menghuni zona liminal antara realisme dan fabel, cerita detektif dan fiksi ilmiah: Hard-Boiled Wonderland and the End of the World, misalnya, menampilkan tokoh protagonis yang memiliki dua pikiran, dan The Wind-Up Bird Chronicle, karyanya yang mungkin paling terkenal di luar Jepang, diawali dengan sangat sederhana—pencarian seorang pria akan istrinya yang hilang—lalu secara perlahan bermutasi menjadi narasi hibrida yang sangat aneh. Semesta Murakami adalah semesta alegoris, dibangun dari simbol-simbol yang familiar—sumur yang kering, kota bawah tanah—tetapi makna dari simbol-simbol itu tetap hermetis hingga akhir novel. Utangnya kepada budaya populer (dan budaya pop Amerika, khususnya), mengatakan kepada kita bahwa tidak ada penulis yang sepenuhnya pribadi.
","{'Kategori': 'Biografi', 'Ketebalan': '155 hlm', 'Dimensi': '13 x 19', 'Bahasa': 'Indonesia', 'Stock': 'Tersedia', 'Berat': '200 gram', 'Product Tags': ''}",https://www.solusibuku.com/biografi/semesta-murakami.html
91,Catatan Najwa 1,"Rp.92,000","
Catatan Najwa berisi refleksi Najwa Shihab atas isu yang dibahas di program Mata Najwa. Dengan gaya rima yang khas, Catatan Najwa menggelitik dengan sindiran, menohok tajam, kadang seperti ajakan merenung. Inilah narasi-narasi terbaik Mata Najwa yang akan terus relevan dibaca kapan pun.
Selama para pejabat menghamba harta benda,
negara akan terus jadi sapi perah penguasa.
Saham kosong dan proyek Stok Tersedia Pengiriman 24 Jam,
begitulah kisah pejabat negara merendahkan dirinya.
(PEJABAT PEMBURU RENTE, hlm. 104)
Rakyat perlu para penegak yang berwibawa,
bekerja demi keadilan dengan bangga.
Karena kita tak membayar seragam mereka,
hanya untuk menegakkan hukum rimba.
(HUKUMAN SALAH ALAMAT, hlm. 115)
Apa arti ijazah yang bertumpuk,
jika kepedulian dan kepekaan tidak ikut dipupuk?
Apa gunanya sekolah tinggi-tinggi,
jika hanya perkaya diri dan sanak-famili?
(DARI JOGJA UNTUK BANGSA, hlm. 159)
","{'Kategori': 'Biografi', 'Ketebalan': '208', 'Dimensi': '13 x 19 cm', 'Bahasa': 'Indonesia', 'Stock': 'Tersedia', 'Berat': '300 gram', 'Product Tags': ''}",https://www.solusibuku.com/biografi/catatan-najwa-1.html
92,Catatan Najwa 2,"Rp.84,150 ","
Yang membedakan buku kedua Catatan Najwa dengan buku pertama adalah penekanan terhadap topik-topik tertentu lewat pembagian topik-topik tersebut kedalam sejumlah bab, para pembaca bisa menemukan isu-isu pokok yang menjadi fokus Najwa Shihab dalam tiga tahun terakhir. Melalui buku ini pembaca tidak hanya menemukan narasi-narasi penting sekaligus terburu Mata Najwa melainkan juga konsistensi dan persistensi Najwa Shihab yang mencoba bersikap jelas dan independen dalam berbagai momentum penting negeri ini.
","{'Stock': 'Tersedia', 'Berat': '300 gram', 'Product Tags': ''}",https://www.solusibuku.com/biografi/catatan-najwa-2.html
